"","G","fV","betaV","betaH","kstarN","phi","Protein_intake","Lipid_intake","protein_absorption_efficiency","lipid_absorption_efficiency","protein_absorption","lipid_absorption","Respiration","Excretion","Pellet_C","Pellet_N","Growth_G","Growth_N"
"1",0.0043,0,0.796,0.612,0.9670608,1e-05,0.0409482418325905,0.0236297655985502,0.796,0.612,0.032594800498742,0.0144614165463127,0.0427562170450547,0.00798248246327747,0.0175217903860859,0.00225768684698607,0.0043,0.000826923076923077
"2",0.0043,0.01,0.796,0.612,0.9670608,1e-05,0.0411298993827435,0.0233910810167743,0.796,0.612,0.0327393999086638,0.0143153415822659,0.0427547414909298,0.00802156338487797,0.0174662389085881,0.00226770256056207,0.0043,0.000826923076923077
"3",0.0043,0.02,0.796,0.612,0.9670608,1e-05,0.0413115198662372,0.0231524451378467,0.796,0.612,0.0328839698135248,0.0141692964243622,0.0427532662378871,0.00806063633213771,0.0174106987661969,0.00227771623046281,0.0043,0.000826923076923077
"4",0.0043,0.03,0.796,0.612,0.9670608,1e-05,0.0414931032944155,0.0229138579468623,0.796,0.612,0.0330285102223547,0.0140232810634797,0.0427517912858345,0.00809970130749713,0.0173551699554433,0.00228772785731372,0.0043,0.000826923076923077
"5",0.0043,0.04,0.796,0.612,0.9670608,1e-05,0.0416746496786177,0.0226753194289222,0.796,0.612,0.0331730211441797,0.0138772954905004,0.0427503166346799,0.00813875831339571,0.0172996524728598,0.00229773744174,0.0043,0.000826923076923077
"6",0.0043,0.05,0.796,0.612,0.9670608,1e-05,0.0418561590301777,0.0224368295691336,0.796,0.612,0.0333175025880215,0.0137313396963097,0.0427488422843312,0.00817780735227192,0.0172441463149801,0.00230774498436656,0.0043,0.000826923076923077
"7",0.0043,0.06,0.796,0.612,0.9670608,1e-05,0.0420376313604263,0.0221983883526097,0.796,0.612,0.0334619545628993,0.0135854136717972,0.0427473682346964,0.00821684842656321,0.0171886514783395,0.0023177504858181,0.0043,0.000826923076923077
"8",0.0043,0.07,0.796,0.612,0.9670608,1e-05,0.0422190666806882,0.02195999576447,0.796,0.612,0.0336063770778278,0.0134395174078556,0.0427458944856836,0.00825588153870609,0.0171331679594747,0.00232775394671902,0.0043,0.000826923076923077
"9",0.0043,0.08,0.796,0.612,0.9670608,1e-05,0.0424004650022847,0.0217216517898397,0.796,0.612,0.0337507701418186,0.0132936508953819,0.0427444210372006,0.00829490669113603,0.0170776957549239,0.00233775536769353,0.0043,0.000826923076923077
"10",0.0043,0.09,0.796,0.612,0.9670608,1e-05,0.0425818263365318,0.0214833564138504,0.796,0.612,0.0338951337638793,0.0131478141252765,0.0427429478891557,0.00833392388628753,0.0170222348612264,0.00234775474936553,0.0043,0.000826923076923077
"11",0.0043,0.1,0.796,0.612,0.9670608,1e-05,0.0427631506947406,0.0212451096216396,0.796,0.612,0.0340394679530135,0.0130020070884434,0.042741475041457,0.00837293312659409,0.0169667852749232,0.00235775209235867,0.0043,0.000826923076923077
"12",0.0043,0.11,0.796,0.612,0.9670608,1e-05,0.0429444380882184,0.0210069113983509,0.796,0.612,0.0341837727182218,0.0128562297757907,0.0427400024940125,0.00841193441448821,0.0169113469925567,0.00236774739729636,0.0043,0.000826923076923077
"13",0.0043,0.12,0.796,0.612,0.9670608,1e-05,0.0431256885282671,0.0207687617291338,0.796,0.612,0.0343280480685006,0.0127104821782299,0.0427385302467305,0.00845092775240142,0.0168559200106704,0.00237774066480175,0.0043,0.000826923076923077
"14",0.0043,0.13,0.796,0.612,0.9670608,1e-05,0.0433069020261848,0.0205306605991442,0.796,0.612,0.0344722940128431,0.0125647642866763,0.0427370582995193,0.00848991314276424,0.0168005043258097,0.00238773189549776,0.0043,0.000826923076923077
"15",0.0043,0.14,0.796,0.612,0.9670608,1e-05,0.0434880785932643,0.0202926079935438,0.796,0.612,0.0346165105602384,0.0124190760920488,0.0427355866522871,0.0085288905880062,0.0167450999345209,0.002397721090007,0.0043,0.000826923076923077
"16",0.0043,0.15,0.796,0.612,0.9670608,1e-05,0.0436692182407942,0.0200546038975003,0.796,0.612,0.0347606977196721,0.0122734175852702,0.0427341153049422,0.00856786009055585,0.0166897068333521,0.00240770824895189,0.0043,0.000826923076923077
"17",0.0043,0.16,0.796,0.612,0.9670608,1e-05,0.043850320980058,0.0198166482961875,0.796,0.612,0.0349048555001261,0.0121277887572668,0.0427326442573929,0.00860682165284075,0.0166343250188526,0.00241769337295455,0.0043,0.000826923076923077
"18",0.0043,0.17,0.796,0.612,0.9670608,1e-05,0.0440313868223353,0.0195787411747855,0.796,0.612,0.0350489839105789,0.0119821895989687,0.0427311735095477,0.00864577527728746,0.0165789544875732,0.00242767646263687,0.0043,0.000826923076923077
"19",0.0043,0.18,0.796,0.612,0.9670608,1e-05,0.0442124157789009,0.0193408825184801,0.796,0.612,0.0351930829600051,0.0118366201013098,0.042729703061315,0.00868472096632155,0.0165235952360661,0.00243765751862048,0.0043,0.000826923076923077
"20",0.0043,0.19,0.796,0.612,0.9670608,1e-05,0.0443934078610246,0.0191030723124632,0.796,0.612,0.0353371526573756,0.0116910802552275,0.0427282329126031,0.00872365872236763,0.0164682472608847,0.00244763654152676,0.0043,0.000826923076923077
"21",0.0043,0.2,0.796,0.612,0.9670608,1e-05,0.0445743630799722,0.0188653105419328,0.796,0.612,0.0354811930116579,0.0115455700516629,0.0427267630633206,0.00876258854784928,0.0164129105585843,0.00245761353197685,0.0043,0.000826923076923077
"22",0.0043,0.21,0.796,0.612,0.9670608,1e-05,0.0447552814470039,0.018627597192093,0.796,0.612,0.0356252040318151,0.0114000894815609,0.0427252935133761,0.00880151044518913,0.0163575851257209,0.00246758849059157,0.0043,0.000826923076923077
"23",0.0043,0.22,0.796,0.612,0.9670608,1e-05,0.0449361629733767,0.0183899322481538,0.796,0.612,0.0357691857268079,0.0112546385358701,0.0427238242626781,0.0088404244168088,0.0163022709588525,0.00247756141799158,0.0043,0.000826923076923077
"24",0.0043,0.23,0.796,0.612,0.9670608,1e-05,0.0451170076703422,0.0181523156953313,0.796,0.612,0.0359131381055924,0.0111092172055427,0.0427223553111352,0.00887933046512893,0.0162469680545383,0.00248753231479725,0.0043,0.000826923076923077
"25",0.0043,0.24,0.796,0.612,0.9670608,1e-05,0.0452978155491474,0.0179147475188475,0.796,0.612,0.0360570611771213,0.0109638254815346,0.042720886658656,0.00891822859256918,0.0161916764093389,0.00249750118162867,0.0043,0.000826923076923077
"26",0.0043,0.25,0.796,0.612,0.9670608,1e-05,0.0454785866210348,0.0176772277039305,0.796,0.612,0.0362009549503437,0.0108184633548055,0.0427194183051493,0.00895711880154823,0.0161363960198161,0.0025074680191057,0.0043,0.000826923076923077
"27",0.0043,0.26,0.796,0.612,0.9670608,1e-05,0.0456593208972429,0.0174397562358145,0.796,0.612,0.0363448194342054,0.0106731308163185,0.0427179502505237,0.00899600109448375,0.0160811268825336,0.00251743282784799,0.0043,0.000826923076923077
"28",0.0043,0.27,0.796,0.612,0.9670608,1e-05,0.0458400183890044,0.0172023330997395,0.796,0.612,0.0364886546376475,0.0105278278570406,0.042716482494688,0.00903487547379244,0.0160258689940558,0.00252739560847484,0.0043,0.000826923076923077
"29",0.0043,0.28,0.796,0.612,0.9670608,1e-05,0.0460206791075485,0.0169649582809518,0.796,0.612,0.0366324605696086,0.0103825544679425,0.042715015037551,0.00907374194189004,0.0159706223509492,0.00253735636160538,0.0043,0.000826923076923077
"30",0.0043,0.29,0.796,0.612,0.9670608,1e-05,0.0462013030640993,0.0167276317647034,0.796,0.612,0.036776237239023,0.0102373106399985,0.0427135478790216,0.00911260050119127,0.0159153869497812,0.00254731508785845,0.0043,0.000826923076923077
"31",0.0043,0.3,0.796,0.612,0.9670608,1e-05,0.0463818902698769,0.0164903535362525,0.796,0.612,0.036919984654822,0.0100920963641865,0.0427120810190085,0.00915145115410988,0.0158601627871209,0.00255727178785267,0.0043,0.000826923076923077
"32",0.0043,0.31,0.796,0.612,0.9670608,1e-05,0.0465624407360959,0.0162531235808632,0.796,0.612,0.0370637028259324,0.00994691163148828,0.0427106144574207,0.00919029390305865,0.0158049498595385,0.00256722646220637,0.0043,0.000826923076923077
"33",0.0043,0.32,0.796,0.612,0.9670608,1e-05,0.0467429544739674,0.0160159418838057,0.796,0.612,0.0372073917612781,0.00980175643288907,0.0427091481941671,0.00922912875044937,0.015749748163606,0.00257717911153766,0.0043,0.000826923076923077
"34",0.0043,0.33,0.796,0.612,0.9670608,1e-05,0.0469234314946971,0.015778808430356,0.796,0.612,0.0373510514697789,0.00965663075937787,0.0427076822291567,0.00926795569869283,0.0156945576958963,0.00258712973646438,0.0043,0.000826923076923077
"35",0.0043,0.34,0.796,0.612,0.9670608,1e-05,0.0471038718094864,0.0155417232057963,0.796,0.612,0.0374946819603512,0.00951153460194735,0.0427062165622986,0.00930677475019888,0.0156393784529842,0.00259707833760412,0.0043,0.000826923076923077
"36",0.0043,0.35,0.796,0.612,0.9670608,1e-05,0.0472842754295324,0.0153046861954147,0.796,0.612,0.0376382832419078,0.00936646795159382,0.0427047511935017,0.00934558590737636,0.0155842104314455,0.00260702491557422,0.0043,0.000826923076923077
"37",0.0043,0.36,0.796,0.612,0.9670608,1e-05,0.0474646423660277,0.0150676973845053,0.796,0.612,0.037781855323358,0.00922143079931725,0.0427032861226752,0.00938438917263313,0.0155290536278577,0.00261696947099179,0.0043,0.000826923076923077
"38",0.0043,0.37,0.796,0.612,0.9670608,1e-05,0.0476449726301594,0.0148307567583681,0.796,0.612,0.0379253982136069,0.00907642313612128,0.0427018213497282,0.00942318454837608,0.0154739080387993,0.00262691200447365,0.0043,0.000826923076923077
"39",0.0043,0.38,0.796,0.612,0.9670608,1e-05,0.0478252662331113,0.0145938643023092,0.796,0.612,0.0380689119215566,0.00893144495301322,0.0427003568745698,0.00946197203701113,0.0154187736608507,0.00263685251663641,0.0043,0.000826923076923077
"40",0.0043,0.39,0.796,0.612,0.9670608,1e-05,0.0480055231860618,0.0143570200016405,0.796,0.612,0.0382123964561052,0.008786496241004,0.0426988926971092,0.0095007516409432,0.0153636504905931,0.00264679100809638,0.0043,0.000826923076923077
"41",0.0043,0.4,0.796,0.612,0.9670608,1e-05,0.0481857435001852,0.0141202238416801,0.796,0.612,0.0383558518261474,0.00864157699110824,0.0426974288172557,0.00953952336257625,0.0153085385246097,0.00265672747946967,0.0043,0.000826923076923077
"42",0.0043,0.41,0.796,0.612,0.9670608,1e-05,0.0483659271866512,0.013883475807752,0.796,0.612,0.0384992780405744,0.0084966871943442,0.0426959652349186,0.00957828720431325,0.0152534377594846,0.00266666193137212,0.0043,0.000826923076923077
"43",0.0043,0.42,0.796,0.612,0.9670608,1e-05,0.0485460742566247,0.0136467758851859,0.796,0.612,0.0386426751082733,0.00835182684173378,0.0426945019500072,0.00961704316855621,0.0151983481918036,0.00267659436441931,0.0043,0.000826923076923077
"44",0.0043,0.43,0.796,0.612,0.9670608,1e-05,0.0487261847212666,0.0134101240593179,0.796,0.612,0.0387860430381282,0.00820699592430255,0.0426930389624307,0.00965579125770615,0.0151432698181537,0.00268652477922659,0.0043,0.000826923076923077
"45",0.0043,0.44,0.796,0.612,0.9670608,1e-05,0.0489062585917322,0.0131735203154897,0.796,0.612,0.0389293818390189,0.0080621944330797,0.0426915762720986,0.00969453147416312,0.0150882026351234,0.00269645317640902,0.0043,0.000826923076923077
"46",0.0043,0.45,0.796,0.612,0.9670608,1e-05,0.0490862958791738,0.0129369646390492,0.796,0.612,0.0390726915198223,0.00791742235909808,0.0426901138789203,0.00973326382032618,0.0150331466393025,0.00270637955658147,0.0043,0.000826923076923077
"47",0.0043,0.46,0.796,0.612,0.9670608,1e-05,0.0492662965947375,0.01270045701535,0.796,0.612,0.0392159720894111,0.0077726796933942,0.0426886517828053,0.00977198829859345,0.0149781018272823,0.0027163039203585,0.0043,0.000826923076923077
"48",0.0043,0.47,0.796,0.612,0.9670608,1e-05,0.0494462607495665,0.0124639974297519,0.796,0.612,0.0393592235566549,0.00762796642700817,0.0426871899836631,0.00981070491136203,0.0149230681956553,0.00272622626835448,0.0043,0.000826923076923077
"49",0.0043,0.48,0.796,0.612,0.9670608,1e-05,0.0496261883547982,0.0122275858676206,0.796,0.612,0.0395024459304194,0.00748328255098378,0.0426857284814031,0.0098494136610281,0.0148680457410156,0.00273614660118347,0.0043,0.000826923076923077
"50",0.0043,0.49,0.796,0.612,0.9670608,1e-05,0.049806079421566,0.0119912223143275,0.796,0.612,0.0396456392195665,0.00733862805636843,0.042684267275935,0.00988811454998681,0.0148130344599585,0.00274606491945931,0.0043,0.000826923076923077
"51",0.0043,0.5,0.796,0.612,0.9670608,1e-05,0.049985933960999,0.0117549067552503,0.796,0.612,0.0397888034329552,0.00719400293421318,0.0426828063671684,0.00992680758063238,0.0147580343490809,0.00275598122379562,0.0043,0.000826923076923077
"52",0.0043,0.51,0.796,0.612,0.9670608,1e-05,0.0501657519842212,0.0115186391757724,0.796,0.612,0.0399319385794401,0.00704940717557269,0.0426813457550128,0.00996549275535803,0.0147030454049808,0.00276589551480571,0.0043,0.000826923076923077
"53",0.0043,0.52,0.796,0.612,0.9670608,1e-05,0.0503455335023526,0.0112824195612831,0.796,0.612,0.0400750446678727,0.00690484077150528,0.042679885439378,0.010004170076556,0.0146480676242578,0.00277580779310269,0.0043,0.000826923076923077
"54",0.0043,0.53,0.796,0.612,0.9670608,1e-05,0.0505252785265086,0.011046247897178,0.796,0.612,0.0402181217071009,0.00676030371307291,0.0426784254201737,0.0100428395466177,0.0145931010035128,0.00278571805929939,0.0043,0.000826923076923077
"55",0.0043,0.54,0.796,0.612,0.9670608,1e-05,0.0507049870677997,0.010810124168858,0.796,0.612,0.0403611697059686,0.00661579599134112,0.0426769656973097,0.0100815011679333,0.0145381455393481,0.00279562631400842,0.0043,0.000826923076923077
"56",0.0043,0.55,0.796,0.612,0.9670608,1e-05,0.0508846591373322,0.0105740483617306,0.796,0.612,0.0405041886733164,0.00647131759737913,0.0426755062706956,0.0101201549428922,0.0144832012283672,0.0028055325578421,0.0043,0.000826923076923077
"57",0.0043,0.56,0.796,0.612,0.9670608,1e-05,0.0510642947462082,0.0103380204612087,0.796,0.612,0.0406471786179817,0.00632686852225975,0.0426740471402415,0.0101588008738828,0.0144282680671755,0.00281543679141256,0.0043,0.000826923076923077
"58",0.0043,0.57,0.796,0.612,0.9670608,1e-05,0.0512438939055245,0.0101020404527115,0.796,0.612,0.0407901395487975,0.00618244875705944,0.042672588305857,0.0101974389632925,0.0143733460523791,0.00282533901533162,0.0043,0.000826923076923077
"59",0.0043,0.58,0.796,0.612,0.9670608,1e-05,0.0514234566263742,0.00986610832166379,0.796,0.612,0.0409330714745938,0.00603805829285824,0.0426711297674521,0.0102360692135077,0.0143184351805859,0.0028352392302109,0.0043,0.000826923076923077
"60",0.0043,0.59,0.796,0.612,0.9670608,1e-05,0.0516029829198453,0.00963022405349649,0.796,0.612,0.0410759744041969,0.00589369712073985,0.0426696715249368,0.0102746916269139,0.0142635354484051,0.00284513743666174,0.0043,0.000826923076923077
"61",0.0043,0.6,0.796,0.612,0.9670608,1e-05,0.0517824727970218,0.00939438763364636,0.796,0.612,0.0412188483464294,0.00574936523179157,0.042668213578221,0.0103133062058957,0.0142086468524472,0.00285503363529526,0.0043,0.000826923076923077
"62",0.0043,0.61,0.796,0.612,0.9670608,1e-05,0.0519619262689828,0.00915859904755608,0.796,0.612,0.0413616933101103,0.00560506261710432,0.0426667559272146,0.0103519129528365,0.0141537693893242,0.00286492782672229,0.0043,0.000826923076923077
"63",0.0043,0.62,0.796,0.612,0.9670608,1e-05,0.052141343346803,0.00892285828067423,0.796,0.612,0.0415045093040552,0.00546078926777263,0.0426652985718279,0.0103905118701189,0.0140989030556494,0.00287482001155346,0.0043,0.000826923076923077
"64",0.0043,0.63,0.796,0.612,0.9670608,1e-05,0.0523207240415529,0.00868716531845529,0.796,0.612,0.0416472963370761,0.00531654517489464,0.0426638415119708,0.0104291029601245,0.0140440478480374,0.00288471019039913,0.0043,0.000826923076923077
"65",0.0043,0.64,0.796,0.612,0.9670608,1e-05,0.0525000683642982,0.00845152014635964,0.796,0.612,0.0417900544179814,0.0051723303295721,0.0426623847475534,0.010467686225234,0.0139892037631044,0.00289459836386941,0.0043,0.000826923076923077
"66",0.0043,0.65,0.796,0.612,0.9670608,1e-05,0.0526793763260999,0.00821592274985355,0.796,0.612,0.0419327835555755,0.00502814472291037,0.0426609282784859,0.0105062616678271,0.0139343707974676,0.00290448453257416,0.0043,0.000826923076923077
"67",0.0043,0.66,0.796,0.612,0.9670608,1e-05,0.0528586479380153,0.00798037311440919,0.796,0.612,0.0420754837586601,0.00488398834601842,0.0426594721046786,0.0105448292902824,0.0138795489477459,0.002914368697123,0.0043,0.000826923076923077
"68",0.0043,0.67,0.796,0.612,0.9670608,1e-05,0.0530378832110963,0.00774487122550463,0.796,0.612,0.0422181550360327,0.00473986119000883,0.0426580162260415,0.0105833890949776,0.0138247382105594,0.00292425085812531,0.0043,0.000826923076923077
"69",0.0043,0.68,0.796,0.612,0.9670608,1e-05,0.053217082156391,0.0075094170686238,0.796,0.612,0.0423607973964873,0.00459576324599776,0.042656560642485,0.0106219410842897,0.0137699385825298,0.00293413101619021,0.0043,0.000826923076923077
"70",0.0043,0.69,0.796,0.612,0.9670608,1e-05,0.0533962447849427,0.00727401062925653,0.796,0.612,0.0425034108488144,0.004451694505105,0.0426551053539194,0.0106604852605943,0.0137151500602798,0.00294400917192657,0.0043,0.000826923076923077
"71",0.0043,0.7,0.796,0.612,0.9670608,1e-05,0.0535753711077904,0.00703865189289854,0.796,0.612,0.0426459954018012,0.00430765495845391,0.042653650360255,0.0106990216262664,0.0136603726404339,0.00295388532594304,0.0043,0.000826923076923077
"72",0.0043,0.71,0.796,0.612,0.9670608,1e-05,0.0537544611359684,0.00680334084505141,0.796,0.612,0.0427885510642308,0.00416364459717146,0.0426521956614022,0.0107375501836798,0.0136056063196175,0.00296375947884799,0.0043,0.000826923076923077
"73",0.0043,0.72,0.796,0.612,0.9670608,1e-05,0.0539335148805065,0.0065680774712226,0.796,0.612,0.0429310778448832,0.00401966341238823,0.0426507412572714,0.0107760709352075,0.0135508510944577,0.00297363163124955,0.0043,0.000826923076923077
"74",0.0043,0.73,0.796,0.612,0.9670608,1e-05,0.0541125323524306,0.00633286175692545,0.796,0.612,0.0430735757525347,0.00387571139523837,0.042649287147773,0.0108145838832214,0.0134961069615829,0.00298350178375563,0.0043,0.000826923076923077
"75",0.0043,0.74,0.796,0.612,0.9670608,1e-05,0.0542915135627612,0.00609769368767915,0.796,0.612,0.043216044795958,0.00373178853685964,0.0426478333328175,0.0108530890300926,0.0134413739176228,0.00299336993697386,0.0043,0.000826923076923077
"76",0.0043,0.75,0.796,0.612,0.9670608,1e-05,0.0544704585225153,0.00586257324900877,0.796,0.612,0.0433584849839222,0.00358789482839337,0.0426463798123155,0.010891586378191,0.0133866519592085,0.00300323609151165,0.0043,0.000826923076923077
"77",0.0043,0.76,0.796,0.612,0.9670608,1e-05,0.0546493672427048,0.00562750042644526,0.796,0.612,0.043500896325193,0.0034440302609845,0.0426449265861774,0.0109300759298858,0.0133319410829725,0.00301310024797616,0.0043,0.000826923076923077
"78",0.0043,0.77,0.796,0.612,0.9670608,1e-05,0.0548282397343372,0.00539247520552538,0.796,0.612,0.0436432788285324,0.00330019482578153,0.0426434736543139,0.0109685576875451,0.0132772412855486,0.00302296240697427,0.0043,0.000826923076923077
"79",0.0043,0.78,0.796,0.612,0.9670608,1e-05,0.0550070760084157,0.00515749757179181,0.796,0.612,0.0437856325026989,0.00315638851393658,0.0426420210166356,0.0110070316535361,0.013222552563572,0.00303282256911265,0.0043,0.000826923076923077
"80",0.0043,0.79,0.796,0.612,0.9670608,1e-05,0.0551858760759395,0.00492256751079302,0.796,0.612,0.0439279573564478,0.00301261131660533,0.0426405686730531,0.011045497830225,0.0131678749136793,0.00304268073499774,0.0043,0.000826923076923077
"81",0.0043,0.8,0.796,0.612,0.9670608,1e-05,0.0553646399479021,0.00468768500808339,0.796,0.612,0.04407025339853,0.00286886322494703,0.0426391166234772,0.011083956219977,0.0131132083325084,0.00305253690523568,0.0043,0.000826923076923077
"82",0.0043,0.81,0.796,0.612,0.9670608,1e-05,0.0555433676352939,0.0044528500492231,0.796,0.612,0.044212520637694,0.00272514423012454,0.0426376648678185,0.0111224068251564,0.0130585528166985,0.00306239108043242,0.0043,0.000826923076923077
"83",0.0043,0.82,0.796,0.612,0.9670608,1e-05,0.0557220591491001,0.00421806261977822,0.796,0.612,0.0443547590826837,0.00258145432330427,0.042636213405988,0.0111608496481266,0.0130039083628904,0.00307224326119363,0.0043,0.000826923076923077
"84",0.0043,0.83,0.796,0.612,0.9670608,1e-05,0.0559007145003016,0.00398332270532061,0.796,0.612,0.0444969687422401,0.00243779349565621,0.0426347622378962,0.0111992846912499,0.0129492749677259,0.00308209344812473,0.0043,0.000826923076923077
"85",0.0043,0.84,0.796,0.612,0.9670608,1e-05,0.0560793336998746,0.00374863029142802,0.796,0.612,0.0446391496251002,0.00229416173835395,0.0426333113634542,0.0112377119568878,0.0128946526278485,0.00309194164183092,0.0043,0.000826923076923077
"86",0.0043,0.85,0.796,0.612,0.9670608,1e-05,0.0562579167587915,0.00351398536368399,0.796,0.612,0.0447813017399981,0.0021505590425746,0.0426318607825727,0.0112761314474007,0.0128400413399029,0.00310178784291715,0.0043,0.000826923076923077
"87",0.0043,0.86,0.796,0.612,0.9670608,1e-05,0.0564364636880198,0.00327938790767794,0.796,0.612,0.0449234250956637,0.0020069853994989,0.0426304104951627,0.0113145431651482,0.0127854411005351,0.00311163205198812,0.0043,0.000826923076923077
"88",0.0043,0.87,0.796,0.612,0.9670608,1e-05,0.0566149744985227,0.00304483790900508,0.796,0.612,0.0450655197008241,0.00186344080031111,0.0426289605011352,0.0113529471124888,0.0127308519063926,0.00312147426964828,0.0043,0.000826923076923077
"89",0.0043,0.88,0.796,0.612,0.9670608,1e-05,0.0567934492012588,0.00281033535326647,0.796,0.612,0.045207585564202,0.00171992523619908,0.042627510800401,0.0113913432917802,0.0126762737541242,0.00313131449650184,0.0043,0.000826923076923077
"90",0.0043,0.89,0.796,0.612,0.9670608,1e-05,0.0569718878071825,0.002575880226069,0.796,0.612,0.0453496226945172,0.00157643869835423,0.0426260613928713,0.0114297317053788,0.01262170664038,0.00314115273315276,0.0043,0.000826923076923077
"91",0.0043,0.9,0.796,0.612,0.9670608,1e-05,0.0571502903272432,0.00234147251302535,0.796,0.612,0.0454916311004856,0.00143298117797151,0.0426246122784571,0.0114681123556406,0.0125671505618115,0.00315098898020476,0.0043,0.000826923076923077
"92",0.0043,0.91,0.796,0.612,0.9670608,1e-05,0.057328656772387,0.00210711219975405,0.796,0.612,0.0456336107908201,0.00128955266624948,0.0426231634570695,0.0115064852449202,0.0125126055150715,0.00316082323826134,0.0043,0.000826923076923077
"93",0.0043,0.92,0.796,0.612,0.9670608,1e-05,0.0575069871535545,0.00187279927187943,0.796,0.612,0.0457755617742294,0.00114615315439021,0.0426217149286197,0.0115448503755714,0.0124580714968143,0.00317065550792571,0.0043,0.000826923076923077
"94",0.0043,0.93,0.796,0.612,0.9670608,1e-05,0.0576852814816825,0.00163853371503164,0.796,0.612,0.0459174840594193,0.00100278263359937,0.0426202666930187,0.011583207749947,0.0124035485036955,0.00318048578980087,0.0043,0.000826923076923077
"95",0.0043,0.94,0.796,0.612,0.9670608,1e-05,0.057863539767703,0.00140431551484664,0.796,0.612,0.0460593776550916,0.000859441095086146,0.0426188187501778,0.011621557370399,0.0123490365323719,0.00319031408448957,0.0043,0.000826923076923077
"96",0.0043,0.95,0.796,0.612,0.9670608,1e-05,0.0580417620225438,0.00117014465696619,0.796,0.612,0.0462012425699449,0.00071612853006331,0.0426173711000082,0.0116598992392782,0.0122945355795018,0.00320014039259431,0.0043,0.000826923076923077
"97",0.0043,0.96,0.796,0.612,0.9670608,1e-05,0.058219948257128,0.000936021127037856,0.796,0.612,0.0463430788126739,0.000572844929747168,0.0426159237424212,0.0116982333589348,0.0122400456417448,0.00320996471471733,0.0043,0.000826923076923077
"98",0.0043,0.97,0.796,0.612,0.9670608,1e-05,0.058398098482375,0.000701944910715006,0.796,0.612,0.0464848863919705,0.000429590285357584,0.0426144766773281,0.0117365597317176,0.0121855667157619,0.00321978705146068,0.0043,0.000826923076923077
"99",0.0043,0.98,0.796,0.612,0.9670608,1e-05,0.0585762127091989,0.000467915993656807,0.796,0.612,0.0466266653165223,0.000286364588117966,0.0426130299046403,0.0117748783599749,0.0121310987982154,0.0032296074034261,0.0043,0.000826923076923077
"100",0.0043,0.99,0.796,0.612,0.9670608,1e-05,0.0587542909485099,0.000233934361528221,0.796,0.612,0.0467684155950139,0.000143167829255271,0.0426115834242691,0.0118131892460536,0.012076641885769,0.00323942577121514,0.0043,0.000826923076923077
"101",0.0043,1,0.796,0.612,0.9670608,1e-05,0.0589323332112135,0,0.796,0.612,0.046910137236126,0,0.042610137236126,0.0118514923923002,0.0120221959750876,0.00324924215542907,0.0043,0.000826923076923077
"102",0.0051,0,0.863,0.672,0.9345981,1e-05,0.0397868203372323,0.0217460053108647,0.863,0.672,0.0343360259510315,0.0146133155689011,0.0438493415199325,0.00829923778302303,0.0125834841281645,0.00147318767194617,0.0051,0.000980769230769231
"103",0.0051,0.01,0.863,0.672,0.9345981,1e-05,0.0399561369155293,0.021526637648753,0.863,0.672,0.0344821461581018,0.014465900499962,0.0438480466580637,0.00833872973087988,0.0125347279062185,0.00147945696146689,0.0051,0.000980769230769231
"104",0.0051,0.02,0.863,0.672,0.9345981,1e-05,0.0401254234907574,0.0213073088588128,0.863,0.672,0.0346282404725236,0.0143185115531222,0.0438467520256458,0.00837821468072365,0.0124859803239243,0.00148572514006318,0.0051,0.000980769230769231
"105",0.0051,0.03,0.863,0.672,0.9345981,1e-05,0.040294680070891,0.0210880189307125,0.863,0.672,0.0347743089011789,0.0141711487214388,0.0438454576226178,0.00841769263441427,0.0124372413789858,0.00149199220803029,0.0051,0.000980769230769231
"106",0.0051,0.04,0.863,0.672,0.9345981,1e-05,0.0404639066639015,0.0208687678541247,0.863,0.672,0.034920351450947,0.0140238119979718,0.0438441634489186,0.008457163593811,0.0123885110691074,0.00149825816566338,0.0051,0.000980769230769231
"107",0.0051,0.05,0.863,0.672,0.9345981,1e-05,0.0406331032777568,0.0206495556187251,0.863,0.672,0.0350663681287041,0.0138765013757832,0.0438428695044874,0.00849662756077244,0.0123397893919945,0.00150452301325748,0.0051,0.000980769230769231
"108",0.0051,0.06,0.863,0.672,0.9345981,1e-05,0.0408022699204232,0.0204303822141934,0.863,0.672,0.0352123589413252,0.0137292168479379,0.0438415757892632,0.00853608453715652,0.0122910763453534,0.00151078675110756,0.0051,0.000980769230769231
"109",0.0051,0.07,0.863,0.672,0.9345981,1e-05,0.0409714065998633,0.0202112476302128,0.863,0.672,0.0353583238956821,0.013581958407503,0.0438402823031852,0.00857553452482054,0.0122423719268911,0.00151704937950845,0.0051,0.000980769230769231
"110",0.0051,0.08,0.863,0.672,0.9345981,1e-05,0.0411405133240373,0.0199921518564704,0.863,0.672,0.0355042629986442,0.0134347260475481,0.0438389890461924,0.00861497752562111,0.0121936761343154,0.0015233108987549,0.0051,0.000980769230769231
"111",0.0051,0.09,0.863,0.672,0.9345981,1e-05,0.0413095901009024,0.0197730948826567,0.863,0.672,0.0356501762570788,0.0132875197611453,0.043837696018224,0.0086544135414142,0.012144988965335,0.00152957130914152,0.0051,0.000980769230769231
"112",0.0051,0.1,0.863,0.672,0.9345981,1e-05,0.0414786369384126,0.0195540766984658,0.863,0.672,0.0357960636778501,0.013140339541369,0.0438364032192192,0.00869384257405514,0.0120963104176593,0.00153583061096285,0.0051,0.000980769230769231
"113",0.0051,0.11,0.863,0.672,0.9345981,1e-05,0.0416476538445201,0.0193350972935957,0.863,0.672,0.0359419252678208,0.0129931853812963,0.0438351106491171,0.00873326462539856,0.0120476404889986,0.00154208880451331,0.0051,0.000980769230769231
"114",0.0051,0.12,0.863,0.672,0.9345981,1e-05,0.0418166408271731,0.0191161566577479,0.863,0.672,0.0360877610338504,0.0128460572740066,0.043833818307857,0.00877267969729846,0.011998979177064,0.00154834589008722,0.0051,0.000980769230769231
"115",0.0051,0.13,0.863,0.672,0.9345981,1e-05,0.041985597894318,0.0188972547806275,0.863,0.672,0.0362335709827964,0.0126989552125817,0.0438325261953782,0.00881208779160819,0.0119503264795674,0.0015546018679788,0.0051,0.000980769230769231
"116",0.0051,0.14,0.863,0.672,0.9345981,1e-05,0.0421545250538977,0.0186783916519435,0.863,0.672,0.0363793551215137,0.012551879190106,0.0438312343116198,0.00885148891018043,0.0119016823942214,0.00156085673848216,0.0051,0.000980769230769231
"117",0.0051,0.15,0.863,0.672,0.9345981,1e-05,0.0423234223138526,0.0184595672614081,0.863,0.672,0.0365251134568548,0.0124048291996662,0.0438299426565211,0.00889088305486721,0.0118530469187397,0.0015671105018913,0.0051,0.000980769230769231
"118",0.0051,0.16,0.863,0.672,0.9345981,1e-05,0.0424922896821203,0.0182407815987376,0.863,0.672,0.0366708459956698,0.0122578052343516,0.0438286512300214,0.0089302702275199,0.0118044200508364,0.00157336315850013,0.0051,0.000980769230769231
"119",0.0051,0.17,0.863,0.672,0.9345981,1e-05,0.0426611271666352,0.0180220346536516,0.863,0.672,0.0368165527448062,0.0121108072872539,0.0438273600320601,0.00896965042998922,0.0117558017882267,0.00157961470860244,0.0051,0.000980769230769231
"120",0.0051,0.18,0.863,0.672,0.9345981,1e-05,0.0428299347753297,0.0178033264158735,0.863,0.672,0.0369622337111096,0.011963835351467,0.0438260690625765,0.00900902366412523,0.0117071921286267,0.00158586515249194,0.0051,0.000980769230769231
"121",0.0051,0.19,0.863,0.672,0.9345981,1e-05,0.0429987125161324,0.0175846568751304,0.863,0.672,0.0371078889014223,0.0118168894200877,0.04382477832151,0.00904838993177734,0.0116585910697529,0.0015921144904622,0.0051,0.000980769230769231
"122",0.0051,0.2,0.863,0.672,0.9345981,1e-05,0.04316746039697,0.017366026021153,0.863,0.672,0.0372535183225851,0.0116699694862148,0.0438234878087999,0.0090877492347943,0.0116099986093231,0.00159836272280673,0.0051,0.000980769230769231
"123",0.0051,0.21,0.863,0.672,0.9345981,1e-05,0.0433361784257658,0.0171474338436753,0.863,0.672,0.0373991219814359,0.0115230755429498,0.0438221975243856,0.00912710157502422,0.0115614147450554,0.00160460984981889,0.0051,0.000980769230769231
"124",0.0051,0.22,0.863,0.672,0.9345981,1e-05,0.0435048666104402,0.0169288803324355,0.863,0.672,0.0375446998848099,0.0113762075833967,0.0438209074682066,0.00916644695431453,0.0115128394746692,0.00161085587179198,0.0051,0.000980769230769231
"125",0.0051,0.23,0.863,0.672,0.9345981,1e-05,0.0436735249589115,0.016710365477175,0.863,0.672,0.0376902520395406,0.0112293656006616,0.0438196176402023,0.00920578537451204,0.0114642727958843,0.00161710078901916,0.0051,0.000980769230769231
"126",0.0051,0.24,0.863,0.672,0.9345981,1e-05,0.0438421534790948,0.016491889267639,0.863,0.672,0.0378357784524588,0.0110825495878534,0.0438183280403122,0.00924511683746287,0.0114157147064216,0.00162334460179351,0.0051,0.000980769230769231
"127",0.0051,0.25,0.863,0.672,0.9345981,1e-05,0.044010752178902,0.0162734516935763,0.863,0.672,0.0379812791303925,0.0109357595380833,0.0438170386684757,0.00928444134501252,0.0113671652040026,0.00162958731040799,0.0051,0.000980769230769231
"128",0.0051,0.26,0.863,0.672,0.9345981,1e-05,0.044179321066243,0.0160550527447393,0.863,0.672,0.0381267540801677,0.0107889954444648,0.0438157495246325,0.00932375889900581,0.0113186242863498,0.00163582891515548,0.0051,0.000980769230769231
"129",0.0051,0.27,0.863,0.672,0.9345981,1e-05,0.0443478601490241,0.0158366924108841,0.863,0.672,0.0382722033086078,0.0106422573001141,0.043814460608722,0.00936306950128694,0.0112700919511863,0.00164206941632873,0.0051,0.000980769230769231
"130",0.0051,0.28,0.863,0.672,0.9345981,1e-05,0.0445163694351495,0.0156183706817703,0.863,0.672,0.038417626822534,0.0104955450981497,0.0438131719206837,0.00940237315369943,0.0112215681962362,0.0016483088142204,0.0051,0.000980769230769231
"131",0.0051,0.29,0.863,0.672,0.9345981,1e-05,0.0446848489325202,0.0154000875471613,0.863,0.672,0.0385630246287649,0.0103488588316924,0.0438118834604573,0.00944166985808615,0.0111730530192242,0.00165454710912305,0.0051,0.000980769230769231
"132",0.0051,0.3,0.863,0.672,0.9345981,1e-05,0.0448532986490344,0.0151818429968239,0.863,0.672,0.0387083967341167,0.0102021984938657,0.0438105952279823,0.00948095961628933,0.011124546417876,0.00166078430132911,0.0051,0.000980769230769231
"133",0.0051,0.31,0.863,0.672,0.9345981,1e-05,0.0450217185925877,0.0149636370205287,0.863,0.672,0.0388537431454032,0.0100555640777953,0.0438093072231984,0.00952024243015054,0.0110760483899179,0.00166702039113095,0.0051,0.000980769230769231
"134",0.0051,0.32,0.863,0.672,0.9345981,1e-05,0.0451901087710727,0.0147454696080497,0.863,0.672,0.0389990638694358,0.00990895557660941,0.0438080194460452,0.00955951830151072,0.0110275589330773,0.0016732553788208,0.0051,0.000980769230769231
"135",0.0051,0.33,0.863,0.672,0.9345981,1e-05,0.0453584691923797,0.0145273407491648,0.863,0.672,0.0391443589130237,0.00976237298343877,0.0438067318964624,0.00959878723221012,0.0109790780450821,0.00167948926469082,0.0051,0.000980769230769231
"136",0.0051,0.34,0.863,0.672,0.9345981,1e-05,0.0455267998643953,0.0143092504336554,0.863,0.672,0.0392896282829732,0.00961581629141642,0.0438054445743896,0.00963804922408838,0.0109306057236611,0.00168572204903302,0.0051,0.000980769230769231
"137",0.0051,0.35,0.863,0.672,0.9345981,1e-05,0.0456951007950042,0.0140911986513063,0.863,0.672,0.0394348719860886,0.00946928549367787,0.0438041574797666,0.00967730427898447,0.0108821419665441,0.00169195373213934,0.0051,0.000980769230769231
"138",0.0051,0.36,0.863,0.672,0.9345981,1e-05,0.045863371992088,0.0138731853919063,0.863,0.672,0.039580090029172,0.00932278058336104,0.043802870612533,0.0097165523987367,0.0108336867714613,0.00169818431430164,0.0051,0.000980769230769231
"139",0.0051,0.37,0.863,0.672,0.9345981,1e-05,0.0460316134635252,0.0136552106452474,0.863,0.672,0.0397252824190223,0.00917630155360628,0.0438015839726287,0.00975579358518276,0.0107852401361441,0.00170441379581161,0.0051,0.000980769230769231
"140",0.0051,0.38,0.863,0.672,0.9345981,1e-05,0.0461998252171923,0.0134372744011256,0.863,0.672,0.0398704491624369,0.0090298483975564,0.0438002975599933,0.00979502784015966,0.0107368020583245,0.0017106421769609,0.0051,0.000980769230769231
"141",0.0051,0.39,0.863,0.672,0.9345981,1e-05,0.0463680072609619,0.0132193766493401,0.863,0.672,0.0400155902662101,0.00888342110835657,0.0437990113745667,0.00983425516550379,0.0106883725357353,0.00171686945804102,0.0051,0.000980769230769231
"142",0.0051,0.4,0.863,0.672,0.9345981,1e-05,0.0465361596027049,0.0130015173796941,0.863,0.672,0.0401607057371343,0.00873701967915443,0.0437977254162888,0.00987347556305086,0.0106399515661102,0.0017230956393434,0.0051,0.000980769230769231
"143",0.0051,0.41,0.863,0.672,0.9345981,1e-05,0.0467042822502887,0.0127836965819941,0.863,0.672,0.0403057955819991,0.00859064410310001,0.0437964396850992,0.00991268903463595,0.0105915391471836,0.00172932072115934,0.0051,0.000980769230769231
"144",0.0051,0.42,0.863,0.672,0.9345981,1e-05,0.0468723752115784,0.0125659142460503,0.863,0.672,0.0404508598075921,0.00844429437334579,0.0437951541809379,0.0099518955820935,0.0105431352766907,0.00173554470378006,0.0051,0.000980769230769231
"145",0.0051,0.43,0.863,0.672,0.9345981,1e-05,0.0470404384944359,0.0123481703616765,0.863,0.672,0.0405958984206982,0.00829797048304663,0.0437938689037448,0.00999109520725729,0.0104947399523676,0.00174176758749668,0.0051,0.000980769230769231
"146",0.0051,0.44,0.863,0.672,0.9345981,1e-05,0.0472084721067207,0.0121304649186902,0.863,0.672,0.0407409114281,0.00815167242535985,0.0437925838534597,0.0100302879119605,0.0104463531719511,0.0017479893726002,0.0051,0.000980769230769231
"147",0.0051,0.45,0.863,0.672,0.9345981,1e-05,0.047376476056289,0.0119127979069124,0.863,0.672,0.0408858988365774,0.00800540019344514,0.0437912990300225,0.0100694736980355,0.0103979749331789,0.00175421005938151,0.0051,0.000980769230769231
"148",0.0051,0.46,0.863,0.672,0.9345981,1e-05,0.0475444503509949,0.0116951693161676,0.863,0.672,0.0410308606529086,0.00785915378046463,0.0437900144333733,0.0101086525673142,0.0103496052337893,0.00176042964813143,0.0051,0.000980769230769231
"149",0.0051,0.47,0.863,0.672,0.9345981,1e-05,0.0477123949986895,0.011477579136284,0.863,0.672,0.041175796883869,0.00771293317958288,0.0437887300634519,0.0101478245216278,0.0103012440715216,0.00176664813914066,0.0051,0.000980769230769231
"150",0.0051,0.48,0.863,0.672,0.9345981,1e-05,0.0478803100072209,0.0112600273570935,0.863,0.672,0.0413207075362316,0.00756673838396683,0.0437874459201984,0.0101869895628069,0.0102528914441159,0.0017728655326998,0.0051,0.000980769230769231
"151",0.0051,0.49,0.863,0.672,0.9345981,1e-05,0.0480481953844343,0.0110425139684313,0.863,0.672,0.0414655926167668,0.00742056938678584,0.0437861620035526,0.0102261476926813,0.010204547349313,0.00177908182909933,0.0051,0.000980769230769231
"152",0.0051,0.5,0.863,0.672,0.9345981,1e-05,0.0482160511381728,0.0108250389601365,0.863,0.672,0.0416104521322431,0.0072744261812117,0.0437848783134548,0.0102652989130802,0.0101562117848544,0.00178529702862964,0.0051,0.000980769230769231
"153",0.0051,0.51,0.863,0.672,0.9345981,1e-05,0.048383877276276,0.0106076023220515,0.863,0.672,0.0417552860894262,0.00712830876041859,0.0437835948498448,0.0103044432258325,0.0101078847484827,0.00179151113158103,0.0051,0.000980769230769231
"154",0.0051,0.52,0.863,0.672,0.9345981,1e-05,0.0485516738065814,0.0103902040440225,0.863,0.672,0.0419000944950798,0.0069822171175831,0.0437823116126628,0.0103435806327658,0.010059566237941,0.00179772413824369,0.0051,0.000980769230769231
"155",0.0051,0.53,0.863,0.672,0.9345981,1e-05,0.0487194407369233,0.0101728441158992,0.863,0.672,0.0420448773559648,0.00683615124588424,0.0437810286018489,0.0103827111357077,0.0100112562509734,0.0018039360489077,0.0051,0.000980769230769231
"156",0.0051,0.54,0.863,0.672,0.9345981,1e-05,0.048887178075133,0.00995552252753483,0.863,0.672,0.0421896346788398,0.00669011113850341,0.0437797458173431,0.0104218347364847,0.00996295478532465,0.00181014686386303,0.0051,0.000980769230769231
"157",0.0051,0.55,0.863,0.672,0.9345981,1e-05,0.0490548858290397,0.00973823926878634,0.863,0.672,0.0423343664704613,0.00654409678862442,0.0437784632590857,0.010460951436923,0.00991466183874036,0.00181635658339958,0.0051,0.000980769230769231
"158",0.0051,0.56,0.863,0.672,0.9345981,1e-05,0.0492225640064693,0.00952099432951413,0.863,0.672,0.042479072737583,0.0063981081894335,0.0437771809270166,0.0105000612388478,0.00986637740896693,0.00182256520780711,0.0051,0.000980769230769231
"159",0.0051,0.57,0.863,0.672,0.9345981,1e-05,0.0493902126152454,0.00930378769958222,0.863,0.672,0.0426237534869568,0.00625214533411926,0.0437758988210762,0.010539164144084,0.00981810149375159,0.0018287727373753,0.0051,0.000980769230769231
"160",0.0051,0.58,0.863,0.672,0.9345981,1e-05,0.0495578316631886,0.00908661936885821,0.863,0.672,0.0427684087253318,0.00610620821587272,0.0437746169412045,0.0105782601544556,0.00976983409084234,0.00183497917239374,0.0051,0.000980769230769231
"161",0.0051,0.59,0.863,0.672,0.9345981,1e-05,0.0497254211581165,0.00886948932721326,0.863,0.672,0.0429130384594545,0.00596029682788731,0.0437733352873419,0.0106173492717861,0.0097215751979879,0.00184118451315188,0.0051,0.000980769230769231
"162",0.0051,0.6,0.863,0.672,0.9345981,1e-05,0.0498929811078442,0.0086523975645221,0.863,0.672,0.0430576426960696,0.00581441116335885,0.0437720538594285,0.0106564314978982,0.0096733248129379,0.0018473887599391,0.0051,0.000980769230769231
"163",0.0051,0.61,0.863,0.672,0.9345981,1e-05,0.0500605115201845,0.00843534407066304,0.863,0.672,0.0432022214419193,0.00566855121548557,0.0437707726574046,0.0106955068346143,0.00962508293344276,0.00185359191304467,0.0051,0.000980769230769231
"164",0.0051,0.62,0.863,0.672,0.9345981,1e-05,0.0502280124029461,0.00821832883551796,0.863,0.672,0.0433467747037425,0.00552271697746807,0.0437694916812105,0.0107345752837558,0.0095768495572535,0.00185979397275773,0.0051,0.000980769230769231
"165",0.0051,0.63,0.863,0.672,0.9345981,1e-05,0.0503954837639363,0.0080013518489723,0.863,0.672,0.0434913024882771,0.00537690844250938,0.0437682109307865,0.0107736368471435,0.00952862468212219,0.00186599493936737,0.0051,0.000980769230769231
"166",0.0051,0.64,0.863,0.672,0.9345981,1e-05,0.0505629256109594,0.00778441310091506,0.863,0.672,0.043635804802258,0.00523112560381492,0.0437669304060728,0.0108126915265978,0.00948040830580158,0.00187219481316255,0.0051,0.000980769230769231
"167",0.0051,0.65,0.863,0.672,0.9345981,1e-05,0.0507303379518162,0.00756751258123881,0.863,0.672,0.0437802816524174,0.00508536845459248,0.0437656501070099,0.0108517393239382,0.00943220042604515,0.00187839359443211,0.0051,0.000980769230769231
"168",0.0051,0.66,0.863,0.672,0.9345981,1e-05,0.0508977207943057,0.0073506502798397,0.863,0.672,0.0439247330454858,0.00493963698805228,0.0437643700335381,0.0108907802409837,0.0093840010406073,0.00188459128346483,0.0051,0.000980769230769231
"169",0.0051,0.67,0.863,0.672,0.9345981,1e-05,0.0510650741462236,0.0071338261866174,0.863,0.672,0.044069158988191,0.00479393119740689,0.0437630901855977,0.0109298142795526,0.00933581014724314,0.00189078788054936,0.0051,0.000980769230769231
"170",0.0051,0.68,0.863,0.672,0.9345981,1e-05,0.0512323980153627,0.00691704029147516,0.863,0.672,0.044213559487258,0.00464825107587131,0.0437618105631292,0.0109688414414626,0.00928762774370854,0.00189698338597424,0.0051,0.000980769230769231
"171",0.0051,0.69,0.863,0.672,0.9345981,1e-05,0.0513996924095135,0.00670029258431981,0.863,0.672,0.0443579345494101,0.00450259661666291,0.043760531166073,0.0110078617285308,0.00923945382776024,0.00190317780002793,0.0051,0.000980769230769231
"172",0.0051,0.7,0.863,0.672,0.9345981,1e-05,0.0515669573364637,0.00648358305506169,0.863,0.672,0.0445022841813681,0.00435696781300146,0.0437592519943696,0.0110468751425735,0.00919128839715576,0.00190937112299879,0.0051,0.000980769230769231
"173",0.0051,0.71,0.863,0.672,0.9345981,1e-05,0.0517341928039978,0.00626691169361474,0.863,0.672,0.0446466083898501,0.0042113646581091,0.0437579730479593,0.0110858816854065,0.00914313144965333,0.00191556335517505,0.0051,0.000980769230769231
"174",0.0051,0.72,0.863,0.672,0.9345981,1e-05,0.0519013988198985,0.00605027848989641,0.863,0.672,0.0447909071815724,0.00406578714521039,0.0437566943267828,0.0111248813588449,0.00909498298301211,0.00192175449684489,0.0051,0.000980769230769231
"175",0.0051,0.73,0.863,0.672,0.9345981,1e-05,0.0520685753919445,0.00583368343382773,0.863,0.672,0.0449351805632481,0.00392023526753223,0.0437554158307804,0.0111638741647032,0.0090468429949919,0.00192794454829633,0.0051,0.000980769230769231
"176",0.0051,0.74,0.863,0.672,0.9345981,1e-05,0.0522357225279129,0.00561712651533327,0.863,0.672,0.0450794285415888,0.00377470901830395,0.0437541375598927,0.0112028601047953,0.00899871148335338,0.00193413350981732,0.0051,0.000980769230769231
"177",0.0051,0.75,0.863,0.672,0.9345981,1e-05,0.0524028402355772,0.00540060772434114,0.863,0.672,0.0452236511233031,0.00362920839075725,0.0437528595140604,0.0112418391809343,0.00895058844585797,0.0019403213816957,0.0051,0.000980769230769231
"178",0.0051,0.76,0.863,0.672,0.9345981,1e-05,0.0525699285227088,0.00518412705078302,0.863,0.672,0.0453678483150977,0.00348373337812619,0.0437515816932238,0.0112808113949328,0.00890247388026793,0.00194650816421922,0.0051,0.000980769230769231
"179",0.0051,0.77,0.863,0.672,0.9345981,1e-05,0.0527369873970758,0.00496768448459411,0.863,0.672,0.0455120201236764,0.00333828397364724,0.0437503040973237,0.0113197767486028,0.00885436778434626,0.00195269385767551,0.0051,0.000980769230769231
"180",0.0051,0.78,0.863,0.672,0.9345981,1e-05,0.0529040168664444,0.00475128001571317,0.863,0.672,0.0456561665557415,0.00319286017055925,0.0437490267263007,0.0113587352437555,0.0088062701558568,0.00195887846235213,0.0051,0.000980769230769231
"181",0.0051,0.79,0.863,0.672,0.9345981,1e-05,0.0530710169385769,0.00453491363408248,0.863,0.672,0.0458002876179919,0.00304746196210342,0.0437477495800953,0.0113976868822015,0.00875818099256409,0.0019650619785365,0.0051,0.000980769230769231
"182",0.0051,0.8,0.863,0.672,0.9345981,1e-05,0.0532379876212339,0.00431858532964788,0.863,0.672,0.0459443833171249,0.00290208934152338,0.0437464726586483,0.011436631665751,0.00871010029223355,0.00197124440651596,0.0051,0.000980769230769231
"183",0.0051,0.81,0.863,0.672,0.9345981,1e-05,0.0534049289221727,0.00410229509235875,0.863,0.672,0.046088453659835,0.00275674230206508,0.0437451959619002,0.0114755695962132,0.00866202805263133,0.00197742574657775,0.0051,0.000980769230769231
"184",0.0051,0.82,0.863,0.672,0.9345981,1e-05,0.0535718408491482,0.00388604291216799,0.863,0.672,0.0462324986528149,0.00261142083697689,0.0437439194897919,0.011514500675397,0.00861396427152441,0.001983605999009,0.0051,0.000980769230769231
"185",0.0051,0.83,0.863,0.672,0.9345981,1e-05,0.0537387234099124,0.00366982877903205,0.863,0.672,0.0463765183027544,0.00246612493950954,0.0437426432422639,0.0115534249051103,0.00856590894668051,0.00198978516409676,0.0051,0.000980769230769231
"186",0.0051,0.84,0.863,0.672,0.9345981,1e-05,0.0539055766122144,0.0034536526829109,0.863,0.672,0.046520512616341,0.00232085460291613,0.0437413672192572,0.0115923422871608,0.00851786207586814,0.00199596324212794,0.0051,0.000980769230769231
"187",0.0051,0.85,0.863,0.672,0.9345981,1e-05,0.0540724004638007,0.00323751461376806,0.863,0.672,0.04666448160026,0.00217560982045214,0.0437400914207123,0.0116312528233551,0.00846982365685662,0.00200214023338938,0.0051,0.000980769230769231
"188",0.0051,0.86,0.863,0.672,0.9345981,1e-05,0.0542391949724156,0.00302141456157057,0.863,0.672,0.0468084252611946,0.00203039058537542,0.0437388158465701,0.0116701565154996,0.00842179368741608,0.00200831613816782,0.0051,0.000980769230769231
"189",0.0051,0.87,0.863,0.672,0.9345981,1e-05,0.0544059601457999,0.00280535251628899,0.863,0.672,0.0469523436058253,0.0018851968909462,0.0437375404967714,0.0117090533653997,0.00837377216531738,0.00201449095674989,0.0051,0.000980769230769231
"190",0.0051,0.88,0.863,0.672,0.9345981,1e-05,0.0545726959916916,0.00258932846789744,0.863,0.672,0.0470962366408299,0.00174002873042708,0.043736265371257,0.0117479433748605,0.00832575908833211,0.0020206646894221,0.0051,0.000980769230769231
"191",0.0051,0.89,0.863,0.672,0.9345981,1e-05,0.0547394025178272,0.00237334240637352,0.863,0.672,0.0472401043728849,0.001594886097083,0.0437349904699678,0.0117868265456861,0.00827775445423284,0.0020268373364709,0.0051,0.000980769230769231
"192",0.0051,0.9,0.863,0.672,0.9345981,1e-05,0.0549060797319388,0.00215739432169839,0.863,0.672,0.0473839468086632,0.00144976898418132,0.0437337157928445,0.0118257028796803,0.00822975826079269,0.0020330088981826,0.0051,0.000980769230769231
"193",0.0051,0.91,0.863,0.672,0.9345981,1e-05,0.0550727276417572,0.00194148420385672,0.863,0.672,0.0475277639548365,0.00130467738499171,0.0437324413398282,0.011864572378646,0.00818177050578574,0.00203917937484344,0.0051,0.000980769230769231
"194",0.0051,0.92,0.863,0.672,0.9345981,1e-05,0.0552393462550098,0.0017256120428367,0.863,0.672,0.0476715558180735,0.00115961129278626,0.0437311671108597,0.0119034350443857,0.00813379118698679,0.00204534876673955,0.0051,0.000980769230769231
"195",0.0051,0.93,0.863,0.672,0.9345981,1e-05,0.0554059355794211,0.00150977782863005,0.863,0.672,0.0478153224050404,0.00101457070083939,0.0437298931058798,0.0119422908787012,0.00808582030217134,0.00205151707415694,0.0051,0.000980769230769231
"196",0.0051,0.94,0.863,0.672,0.9345981,1e-05,0.0555724956227134,0.00129398155123199,0.863,0.672,0.0479590637224017,0.000869555602427898,0.0437286193248297,0.0119811398833934,0.00803785784911584,0.00205768429738155,0.0051,0.000980769230769231
"197",0.0051,0.95,0.863,0.672,0.9345981,1e-05,0.0557390263926062,0.00107822320064128,0.863,0.672,0.0481027797768192,0.000724565990830938,0.0437273457676501,0.012019982060263,0.0079899038255974,0.0020638504366992,0.0051,0.000980769230769231
"198",0.0051,0.96,0.863,0.672,0.9345981,1e-05,0.055905527896816,0.00086250276686017,0.863,0.672,0.0482464705749522,0.000579601859330034,0.0437260724342822,0.0120588174111097,0.00794195822939393,0.00207001549239562,0.0051,0.000980769230769231
"199",0.0051,0.97,0.863,0.672,0.9345981,1e-05,0.0560720001430566,0.000646820239894444,0.863,0.672,0.0483901361234579,0.000434663201209067,0.0437247993246669,0.0120976459377329,0.00789402105828414,0.00207617946475642,0.0051,0.000980769230769231
"200",0.0051,0.98,0.863,0.672,0.9345981,1e-05,0.0562384431390394,0.00043117560975339,0.863,0.672,0.048533776428991,0.000289750009754278,0.0437235264387453,0.012136467641931,0.00784609231004752,0.00208234235406714,0.0051,0.000980769230769231
"201",0.0051,0.99,0.863,0.672,0.9345981,1e-05,0.056404856892473,0.000215568866449806,0.863,0.672,0.0486773914982042,0.00014486227825427,0.0437222537764583,0.0121752825255021,0.00779817198246434,0.00208850416061319,0.0051,0.000980769230769231
"202",0.0051,1,0.863,0.672,0.9345981,1e-05,0.0565712414110628,0,0.863,0.672,0.0488209813377472,0,0.0437209813377472,0.0122140905902435,0.0077502600733156,0.00209466488467989,0.0051,0.000980769230769231
"203",0.0057,0,0.655,0.53,1,1e-05,0.0496447445684088,0.0287214663598772,0.655,0.53,0.0325173076923078,0.0152223771707349,0.0420396848630426,0.00769230769230769,0.0306265260652433,0.00462903699354082,0.0057,0.00109615384615385
"204",0.0057,0.01,0.655,0.53,1,1e-05,0.0498771245126645,0.0284314669533256,0.655,0.53,0.0326695165557952,0.0150686774852626,0.0420381940410578,0.00773344522297999,0.0305703974249323,0.0046507048532079,0.0057,0.00109615384615385
"205",0.0057,0.02,0.655,0.53,1,1e-05,0.0501094589445538,0.0281415243440993,0.655,0.53,0.0328216956086827,0.0149150079023726,0.0420367035110553,0.00777457469673335,0.0305142797775977,0.00467236846915434,0.0057,0.00109615384615385
"206",0.0057,0.03,0.655,0.53,1,1e-05,0.0503417478774455,0.0278516385155139,0.655,0.53,0.0329738448597268,0.0147613684132224,0.0420352132729493,0.00781569611593452,0.0304581731200103,0.00469402784262668,0.0057,0.00109615384615385
"207",0.0057,0.04,0.655,0.53,1,1e-05,0.0505739913247046,0.0275618094508918,0.655,0.53,0.0331259643176815,0.0146077590089726,0.0420337233266542,0.00785680948294928,0.0304020774489422,0.0047156829748711,0.0057,0.00109615384615385
"208",0.0057,0.05,0.655,0.53,1,1e-05,0.0508061892996893,0.0272720371335616,0.655,0.53,0.0332780539912965,0.0144541796807877,0.0420322336720842,0.00789791480014251,0.0303459927611668,0.00473733386713319,0.0057,0.00109615384615385
"209",0.0057,0.06,0.655,0.53,1,1e-05,0.0510383418157533,0.0269823215468588,0.655,0.53,0.0334301138893184,0.0143006304198352,0.0420307443091536,0.00793901206987817,0.0302899190534585,0.00475898052065808,0.0057,0.00109615384615385
"210",0.0057,0.07,0.655,0.53,1,1e-05,0.051270448886245,0.0266926626741252,0.655,0.53,0.0335821440204905,0.0141471112172863,0.0420292552377769,0.00798010129451927,0.0302338563225934,0.00478062293669041,0.0057,0.00109615384615385
"211",0.0057,0.08,0.655,0.53,1,1e-05,0.0515025105245079,0.026403060498709,0.655,0.53,0.0337341443935527,0.0139936220643158,0.0420277664578683,0.00802118247642792,0.0301778045653485,0.00480226111647439,0.0057,0.00109615384615385
"212",0.0057,0.09,0.655,0.53,1,1e-05,0.051734526743879,0.0261135150039653,0.655,0.53,0.0338861150172408,0.0138401629521016,0.0420262779693424,0.00806225561796529,0.030121763778502,0.00482389506125359,0.0057,0.00109615384615385
"213",0.0057,0.1,0.655,0.53,1,1e-05,0.051966497557692,0.0258240261732553,0.655,0.53,0.0340380559002882,0.0136867338718253,0.0420247897721136,0.00810332072149164,0.0300657339588337,0.00484552477227128,0.0057,0.00109615384615385
"214",0.0057,0.11,0.655,0.53,1,1e-05,0.052198422979274,0.0255345939899471,0.655,0.53,0.0341899670514245,0.013533334814672,0.0420233018660964,0.00814437778936627,0.0300097151031247,0.00486715025077014,0.0057,0.00109615384615385
"215",0.0057,0.12,0.655,0.53,1,1e-05,0.0524303030219472,0.025245218437415,0.655,0.53,0.0343418484793754,0.0133799657718299,0.0420218142512054,0.00818542682394762,0.0299537072081568,0.00488877149799237,0.0057,0.00109615384615385
"216",0.0057,0.13,0.655,0.53,1,1e-05,0.0526621376990286,0.0249558994990399,0.655,0.53,0.0344937001928637,0.0132266267344911,0.042020326927355,0.00822646782759314,0.0298977102707136,0.00491038851517969,0.0057,0.00109615384615385
"217",0.0057,0.14,0.655,0.53,1,1e-05,0.0528939270238306,0.0246666371582093,0.655,0.53,0.034645522200609,0.0130733176938509,0.0420188398944599,0.0082675008026594,0.0298417242875799,0.00493200130357339,0.0057,0.00109615384615385
"218",0.0057,0.15,0.655,0.53,1,1e-05,0.0531256710096591,0.024377431398317,0.655,0.53,0.0347973145113267,0.012920038641108,0.0420173531524348,0.00830852575150203,0.0297857492555414,0.00495360986441416,0.0057,0.00109615384615385
"219",0.0057,0.16,0.655,0.53,1,1e-05,0.0533573696698161,0.0240882822027636,0.655,0.53,0.0349490771337296,0.0127667895674647,0.0420158667011942,0.00834954267647576,0.0297297851713854,0.00497521419894231,0.0057,0.00109615384615385
"220",0.0057,0.17,0.655,0.53,1,1e-05,0.0535890230175976,0.0237991895549558,0.655,0.53,0.0351008100765265,0.0126135704641266,0.042014380540653,0.00839055157993437,0.0296738320319004,0.00499681430839762,0.0057,0.00109615384615385
"221",0.0057,0.18,0.655,0.53,1,1e-05,0.0538206310662946,0.0235101534383072,0.655,0.53,0.0352525133484229,0.0124603813223028,0.0420128946707258,0.00843155246423073,0.029617889833876,0.00501841019401936,0.0057,0.00109615384615385
"222",0.0057,0.19,0.655,0.53,1,1e-05,0.0540521938291932,0.0232211738362375,0.655,0.53,0.0354041869581215,0.0123072221332059,0.0420114090913273,0.00847254533171681,0.0295619585741033,0.00504000185704639,0.0057,0.00109615384615385
"223",0.0057,0.2,0.655,0.53,1,1e-05,0.0542837113195736,0.0229322507321732,0.655,0.53,0.0355558309143207,0.0121540928880518,0.0420099238023725,0.00851353018474362,0.0295060382493743,0.005061589298717,0.0057,0.00109615384615385
"224",0.0057,0.21,0.655,0.53,1,1e-05,0.0545151835507116,0.0226433841095472,0.655,0.53,0.0357074452257161,0.01200099357806,0.042008438803776,0.0085545070256613,0.0294501288564827,0.00508317252026905,0.0057,0.00109615384615385
"225",0.0057,0.22,0.655,0.53,1,1e-05,0.0547466105358773,0.0223545739517986,0.655,0.53,0.0358590299009996,0.0118479241944533,0.0420069540954529,0.00859547585681903,0.029394230392223,0.00510475152293991,0.0057,0.00109615384615385
"226",0.0057,0.23,0.655,0.53,1,1e-05,0.054977992288336,0.0220658202423734,0.655,0.53,0.0360105849488601,0.0116948847284579,0.0420054696773179,0.00863643668056509,0.0293383428533914,0.00512632630796646,0.0057,0.00109615384615385
"227",0.0057,0.24,0.655,0.53,1,1e-05,0.0552093288213475,0.0217771229647238,0.655,0.53,0.0361621103779826,0.0115418751713036,0.0420039855492861,0.00867738949924683,0.029282466236785,0.0051478968765851,0.0057,0.00109615384615385
"228",0.0057,0.25,0.655,0.53,1,1e-05,0.0554406201481663,0.0214884821023085,0.655,0.53,0.0363136061970489,0.0113888955142235,0.0420025017112723,0.00871833431521071,0.0292266005392024,0.00516946323003172,0.0057,0.00109615384615385
"229",0.0057,0.26,0.655,0.53,1,1e-05,0.0556718662820421,0.0211998976385927,0.655,0.53,0.0364650724147376,0.0112359457484541,0.0420010181631917,0.00875927113080224,0.0291707457574431,0.00519102536954176,0.0057,0.00109615384615385
"230",0.0057,0.27,0.655,0.53,1,1e-05,0.0559030672362192,0.0209113695570482,0.655,0.53,0.0366165090397236,0.0110830258652355,0.0419995349049591,0.00880019994836604,0.0291149018883083,0.00521258329635017,0.0057,0.00109615384615385
"231",0.0057,0.28,0.655,0.53,1,1e-05,0.0561342230239369,0.0206228978411529,0.655,0.53,0.0367679160806786,0.0109301358558111,0.0419980519364897,0.00884112077024579,0.0290590689286001,0.00523413701169141,0.0057,0.00109615384615385
"232",0.0057,0.29,0.655,0.53,1,1e-05,0.0563653336584293,0.0203344824743916,0.655,0.53,0.0369192935462712,0.0107772757114275,0.0419965692576986,0.00888203359878428,0.0290032468751221,0.00525568651679948,0.0057,0.00109615384615385
"233",0.0057,0.3,0.655,0.53,1,1e-05,0.0565963991529248,0.0200461234402552,0.655,0.53,0.0370706414451657,0.0106244454233352,0.0419950868685009,0.00892293843632336,0.028947435724679,0.00527723181290785,0.0057,0.00109615384615385
"234",0.0057,0.31,0.655,0.53,1,1e-05,0.0568274195206473,0.0197578207222411,0.655,0.53,0.037221959786024,0.0104716449827878,0.0419936047688117,0.00896383528520398,0.0288916354740766,0.00529877290124954,0.0057,0.00109615384615385
"235",0.0057,0.32,0.655,0.53,1,1e-05,0.0570583947748155,0.0194695743038534,0.655,0.53,0.0373732485775041,0.0103188743810423,0.0419921229585464,0.00900472414776617,0.0288358461201224,0.00532030978305712,0.0057,0.00109615384615385
"236",0.0057,0.33,0.655,0.53,1,1e-05,0.0572893249286425,0.0191813841686023,0.655,0.53,0.0375245078282608,0.0101661336093592,0.04199064143762,0.00904560502634906,0.0287800676596248,0.00534184245956261,0.0057,0.00109615384615385
"237",0.0057,0.34,0.655,0.53,1,1e-05,0.0575202099953364,0.0188932503000048,0.655,0.53,0.0376757375469453,0.0100134226590025,0.0419891602059479,0.00908647792329084,0.0287243000893933,0.00536337093199758,0.0057,0.00109615384615385
"238",0.0057,0.35,0.655,0.53,1,1e-05,0.0577510499881006,0.0186051726815839,0.655,0.53,0.0378269377422059,0.00986074152123946,0.0419876792634453,0.00912734284092882,0.0286685434062391,0.00538489520159316,0.0057,0.00109615384615385
"239",0.0057,0.36,0.655,0.53,1,1e-05,0.0579818449201326,0.0183171512968694,0.655,0.53,0.0379781084226868,0.00970809018734078,0.0419861986100277,0.00916819978159936,0.0286127976069744,0.00540641526957993,0.0057,0.00109615384615385
"240",0.0057,0.37,0.655,0.53,1,1e-05,0.0582125948046253,0.0180291861293974,0.655,0.53,0.0381292495970296,0.0095554686485806,0.0419847182456102,0.00920904874763795,0.0285570626884125,0.00542793113718803,0.0057,0.00109615384615385
"241",0.0057,0.38,0.655,0.53,1,1e-05,0.0584432996547665,0.0177412771627103,0.655,0.53,0.038280361273872,0.00940287689623648,0.0419832381701085,0.00924988974137912,0.0285013386473683,0.00544944280564714,0.0057,0.00109615384615385
"242",0.0057,0.39,0.655,0.53,1,1e-05,0.0586739594837382,0.0174534243803573,0.655,0.53,0.0384314434618485,0.00925031492158935,0.0419817583834378,0.00929072276515654,0.0284456254806576,0.0054709502761864,0.0057,0.00109615384615385
"243",0.0057,0.4,0.655,0.53,1,1e-05,0.0589045743047176,0.0171656277658935,0.655,0.53,0.03858249616959,0.00909778271592354,0.0419802788855136,0.00933154782130293,0.0283899231850975,0.00549245355003448,0.0057,0.00109615384615385
"244",0.0057,0.41,0.655,0.53,1,1e-05,0.0591351441308772,0.0168778873028808,0.655,0.53,0.0387335194057246,0.00894528027052683,0.0419787996762515,0.00937236491215011,0.0283342317575066,0.00551395262841963,0.0057,0.00109615384615385
"245",0.0057,0.42,0.655,0.53,1,1e-05,0.059365668975384,0.0165902029748874,0.655,0.53,0.0388845131788765,0.00879280757669034,0.0419773207555669,0.00941317404002901,0.0282785511947046,0.00553544751256959,0.0057,0.00109615384615385
"246",0.0057,0.43,0.655,0.53,1,1e-05,0.0595961488513997,0.016302574765488,0.655,0.53,0.0390354774976668,0.00864036462570862,0.0419758421233754,0.00945397520726962,0.0282228814935122,0.00555693820371159,0.0057,0.00109615384615385
"247",0.0057,0.44,0.655,0.53,1,1e-05,0.059826583772081,0.0160150026582634,0.655,0.53,0.0391864123707131,0.00848795140887961,0.0419743637795927,0.00949476841620104,0.0281672226507518,0.00557842470307242,0.0057,0.00109615384615385
"248",0.0057,0.45,0.655,0.53,1,1e-05,0.0600569737505796,0.0157274866368012,0.655,0.53,0.0393373178066297,0.00833556791750464,0.0419728857241343,0.00953555366915147,0.0281115746632465,0.00559990701187837,0.0057,0.00109615384615385
"249",0.0057,0.46,0.655,0.53,1,1e-05,0.060287318800042,0.0154400266846952,0.655,0.53,0.0394881938140275,0.00818321414288844,0.0419714079569159,0.00957633096844817,0.0280559375278212,0.00562138513135526,0.0057,0.00109615384615385
"250",0.0057,0.47,0.655,0.53,1,1e-05,0.0605176189336091,0.0151526227855455,0.655,0.53,0.039639040401514,0.00803089007633912,0.0419699304778532,0.00961710031641753,0.0280003112413015,0.00564285906272842,0.0057,0.00109615384615385
"251",0.0057,0.48,0.655,0.53,1,1e-05,0.060747874164418,0.0148652749229589,0.655,0.53,0.0397898575776938,0.0078785957091682,0.0419684532868619,0.009657861715385,0.0279446958005149,0.00566432880722275,0.0057,0.00109615384615385
"252",0.0057,0.49,0.655,0.53,1,1e-05,0.0609780845055989,0.0145779830805482,0.655,0.53,0.0399406453511673,0.00772633103269055,0.0419669763838578,0.00969861516767514,0.0278890912022893,0.0056857943660626,0.0057,0.00109615384615385
"253",0.0057,0.5,0.655,0.53,1,1e-05,0.0612082499702782,0.014290747241933,0.655,0.53,0.0400914037305322,0.00757409603822448,0.0419654997687567,0.0097393606756116,0.0278334974434545,0.00570725574047189,0.0057,0.00109615384615385
"254",0.0057,0.51,0.655,0.53,1,1e-05,0.0614383705715764,0.0140035673907389,0.655,0.53,0.0402421327243826,0.00742189071709163,0.0419640234414743,0.00978009824151714,0.0277779145208412,0.00572871293167402,0.0057,0.00109615384615385
"255",0.0057,0.52,0.655,0.53,1,1e-05,0.0616684463226099,0.0137164435105982,0.655,0.53,0.0403928323413095,0.00726971506061706,0.0419625474019266,0.00982082786771359,0.0277223424312816,0.005750165940892,0.0057,0.00109615384615385
"256",0.0057,0.53,0.655,0.53,1,1e-05,0.0618984772364889,0.0134293755851494,0.655,0.53,0.0405435025899002,0.00711756906012921,0.0419610716500294,0.00986154955652188,0.0276667811716089,0.00577161476934829,0.0057,0.00109615384615385
"257",0.0057,0.54,0.655,0.53,1,1e-05,0.0621284633263189,0.0131423635980375,0.655,0.53,0.0406941434787389,0.00696545270695986,0.0419595961856987,0.00990226331026206,0.0276112307386576,0.00579305941826487,0.0057,0.00109615384615385
"258",0.0057,0.55,0.655,0.53,1,1e-05,0.0623584046052003,0.0128554075329136,0.655,0.53,0.0408447550164062,0.00681336599244421,0.0419581210088504,0.00994296913125323,0.0275556911292635,0.00581449988886327,0.0057,0.00109615384615385
"259",0.0057,0.56,0.655,0.53,1,1e-05,0.0625883010862286,0.0125685073734355,0.655,0.53,0.0409953372114797,0.00666130890792083,0.0419566461194005,0.00998366702181363,0.0275001623402636,0.00583593618236456,0.0057,0.00109615384615385
"260",0.0057,0.57,0.655,0.53,1,1e-05,0.0628181527824938,0.0122816631032673,0.655,0.53,0.0411458900725335,0.00650928144473165,0.041955171517265,0.0100243569842606,0.027444644368496,0.00585736829998929,0.0057,0.00109615384615385
"261",0.0057,0.58,0.655,0.53,1,1e-05,0.063047959707081,0.0119948747060792,0.655,0.53,0.041296413608138,0.00635728359422197,0.04195369720236,0.0100650390209105,0.0273891372108002,0.00587879624295755,0.0057,0.00109615384615385
"262",0.0057,0.59,0.655,0.53,1,1e-05,0.0632777218730703,0.0117081421655481,0.655,0.53,0.041446907826861,0.00620531534774049,0.0419522231746016,0.0101057131340789,0.0273336408640169,0.00590022001248899,0.0057,0.00109615384615385
"263",0.0057,0.6,0.655,0.53,1,1e-05,0.0635074392935366,0.0114214654653571,0.655,0.53,0.0415973727372665,0.00605337669663924,0.0419507494339058,0.0101463793260804,0.027278155324988,0.00592163960980274,0.0057,0.00109615384615385
"264",0.0057,0.61,0.655,0.53,1,1e-05,0.0637371119815499,0.0111348445891956,0.655,0.53,0.0417478083479152,0.00590146763227366,0.0419492759801889,0.0101870375992286,0.0272226805905566,0.00594305503611749,0.0057,0.00109615384615385
"265",0.0057,0.62,0.655,0.53,1,1e-05,0.0639667399501748,0.0108482795207595,0.655,0.53,0.0418982146673645,0.00574958814600252,0.041947802813367,0.0102276879558365,0.0271672166575673,0.00596446629265143,0.0057,0.00109615384615385
"266",0.0057,0.63,0.655,0.53,1,1e-05,0.0641963232124708,0.0105617702437509,0.655,0.53,0.0420485917041684,0.00559773822918797,0.0419463299333563,0.010268330398216,0.0271117635228653,0.00598587338062227,0.0057,0.00109615384615385
"267",0.0057,0.64,0.655,0.53,1,1e-05,0.0644258617814925,0.0102753167418784,0.655,0.53,0.0421989394668776,0.00544591787319553,0.0419448573400731,0.0103089649286779,0.0270563211832977,0.00600727630124728,0.0057,0.00109615384615385
"268",0.0057,0.65,0.655,0.53,1,1e-05,0.0646553556702894,0.00998891899885673,0.655,0.53,0.0423492579640396,0.00529412706939407,0.0419433850334336,0.0103495915495325,0.0270008896357125,0.0060286750557432,0.0057,0.00109615384615385
"269",0.0057,0.66,0.655,0.53,1,1e-05,0.064884804891906,0.00970257699840721,0.655,0.53,0.0424995472041984,0.00514236580915582,0.0419419130133542,0.010390210263089,0.026945468876959,0.00605006964532637,0.0057,0.00109615384615385
"270",0.0057,0.67,0.655,0.53,1,1e-05,0.0651142094593815,0.00941629072425733,0.655,0.53,0.0426498071958949,0.00499063408385638,0.0419404412797513,0.0104308210716556,0.0268900589038876,0.0060714600712126,0.0057,0.00109615384615385
"271",0.0057,0.68,0.655,0.53,1,1e-05,0.0653435693857504,0.00913006016014095,0.655,0.53,0.0428000379476665,0.0048389318848747,0.0419389698325411,0.0104714239775398,0.0268346597133501,0.00609284633461726,0.0057,0.00109615384615385
"272",0.0057,0.69,0.655,0.53,1,1e-05,0.0655728846840416,0.00884388528979826,0.655,0.53,0.0429502394680472,0.00468725920359308,0.0419374986716402,0.0105120189830481,0.0267792713021995,0.00611422843675523,0.0057,0.00109615384615385
"273",0.0057,0.7,0.655,0.53,1,1e-05,0.0658021553672788,0.0085577660969758,0.655,0.53,0.0431004117655676,0.00453561603139717,0.0419360277969649,0.0105526060904861,0.0267238936672898,0.00613560637884086,0.0057,0.00109615384615385
"274",0.0057,0.71,0.655,0.53,1,1e-05,0.0660313814484822,0.0082717025654264,0.655,0.53,0.0432505548487559,0.00438400235967599,0.0419345572084318,0.0105931853021585,0.0266685268054768,0.00615698016208821,0.0057,0.00109615384615385
"275",0.0057,0.72,0.655,0.53,1,1e-05,0.0662605629406648,0.00798569467890923,0.655,0.53,0.0434006687261355,0.00423241817982189,0.0419330869059573,0.0106337566203692,0.0266131707136167,0.00617834978771064,0.0057,0.00109615384615385
"276",0.0057,0.73,0.655,0.53,1,1e-05,0.0664896998568358,0.00769974242118978,0.655,0.53,0.0435507534062275,0.00408086348323058,0.041931616889458,0.0106743200474211,0.0265578253885675,0.00619971525692118,0.0057,0.00109615384615385
"277",0.0057,0.74,0.655,0.53,1,1e-05,0.066718792209999,0.00741384577603985,0.655,0.53,0.0437008088975494,0.00392933826130112,0.0419301471588505,0.0107148755856162,0.0265024908271884,0.00622107657093234,0.0057,0.00109615384615385
"278",0.0057,0.75,0.655,0.53,1,1e-05,0.0669478400131534,0.00712800472723754,0.655,0.53,0.0438508352086155,0.0037778425054359,0.0419286777140513,0.0107554232372557,0.0264471670263396,0.0062424337309562,0.0057,0.00109615384615385
"279",0.0057,0.76,0.655,0.53,1,1e-05,0.0671768432792923,0.00684221925856729,0.655,0.53,0.0440008323479365,0.00362637620704066,0.0419272085549771,0.0107959630046398,0.0263918539828825,0.00626378673820428,0.0057,0.00109615384615385
"280",0.0057,0.77,0.655,0.53,1,1e-05,0.0674058020214049,0.0065564893538198,0.655,0.53,0.0441508003240202,0.0034749393575245,0.0419257396815446,0.0108364948900678,0.02633655169368,0.00628513559388775,0.0057,0.00109615384615385
"281",0.0057,0.78,0.655,0.53,1,1e-05,0.0676347162524745,0.00627081499679212,0.655,0.53,0.0443007391453708,0.00332353194829982,0.0419242710936705,0.0108770188958382,0.026281260155596,0.00630648029921721,0.0057,0.00109615384615385
"282",0.0057,0.79,0.655,0.53,1,1e-05,0.0678635859854796,0.00598519617128756,0.655,0.53,0.0444506488204891,0.00317215397078241,0.0419228027912716,0.0109175350242486,0.0262259793654956,0.00632782085540283,0.0057,0.00109615384615385
"283",0.0057,0.8,0.655,0.53,1,1e-05,0.068092411233394,0.00569963286111576,0.655,0.53,0.0446005293578731,0.00302080541639135,0.0419213347742645,0.0109580432775956,0.0261707093202453,0.00634915726365431,0.0057,0.00109615384615385
"284",0.0057,0.81,0.655,0.53,1,1e-05,0.0683211920091863,0.00541412505009262,0.655,0.53,0.044750380766017,0.00286948627654909,0.0419198670425661,0.0109985436581751,0.0261154500167128,0.00637048952518089,0.0057,0.00109615384615385
"285",0.0057,0.82,0.655,0.53,1,1e-05,0.0685499283258196,0.00512867272204036,0.655,0.53,0.0449002030534118,0.00271819654268139,0.0419183995960932,0.0110390361682818,0.0260602014517667,0.00639181764119129,0.0057,0.00109615384615385
"286",0.0057,0.83,0.655,0.53,1,1e-05,0.0687786201962524,0.00484327586078745,0.655,0.53,0.0450499962285453,0.00256693620621735,0.0419169324347627,0.0110795208102098,0.0260049636222772,0.0064131416128938,0.0057,0.00109615384615385
"287",0.0057,0.84,0.655,0.53,1,1e-05,0.0690072676334384,0.0045579344501687,0.655,0.53,0.0451997602999021,0.00241570525858941,0.0419154655584915,0.0111199975862521,0.0259497365251155,0.00643446144149628,0.0057,0.00109615384615385
"288",0.0057,0.85,0.655,0.53,1,1e-05,0.0692358706503255,0.00427264847402514,0.655,0.53,0.0453494952759632,0.00226450369123332,0.0419139989671965,0.0111604664987011,0.0258945201571541,0.00645577712820603,0.0057,0.00109615384615385
"289",0.0057,0.86,0.655,0.53,1,1e-05,0.0694644292598572,0.00398741791620412,0.655,0.53,0.0454992011652065,0.00211333149558818,0.0419125326607947,0.0112009275498479,0.0258393145152667,0.00647708867422993,0.0057,0.00109615384615385
"290",0.0057,0.87,0.655,0.53,1,1e-05,0.0696929434749721,0.00370224276055925,0.655,0.53,0.0456488779761067,0.0019621886630964,0.0419110666392031,0.0112413807419831,0.0257841195963282,0.00649839608077442,0.0057,0.00109615384615385
"291",0.0057,0.88,0.655,0.53,1,1e-05,0.0699214133086029,0.00341712299095041,0.655,0.53,0.0457985257171349,0.00181107518520372,0.0419096009023387,0.0112818260773961,0.0257289353972147,0.00651969934904541,0.0057,0.00109615384615385
"292",0.0057,0.89,0.655,0.53,1,1e-05,0.0701498387736785,0.00313205859124376,0.655,0.53,0.0459481443967594,0.00165999105335919,0.0419081354501185,0.0113222635583757,0.0256737619148037,0.0065409984802484,0.0057,0.00109615384615385
"293",0.0057,0.9,0.655,0.53,1,1e-05,0.0703782198831213,0.0028470495453117,0.655,0.53,0.0460977340234444,0.0015089362590152,0.0419066702824597,0.0113626931872095,0.0256185991459733,0.00656229347558834,0.0057,0.00109615384615385
"294",0.0057,0.91,0.655,0.53,1,1e-05,0.0706065566498504,0.00256209583703293,0.655,0.53,0.046247294605652,0.00135791079362745,0.0419052053992794,0.0114031149661845,0.0255634470876039,0.00658358433626983,0.0057,0.00109615384615385
"295",0.0057,0.92,0.655,0.53,1,1e-05,0.0708348490867782,0.00227719745029238,0.655,0.53,0.0463968261518397,0.00120691464865496,0.0419037408004947,0.0114435288975866,0.0255083057365759,0.00660487106349689,0.0057,0.00109615384615385
"296",0.0057,0.93,0.655,0.53,1,1e-05,0.0710630972068136,0.00199235436898125,0.655,0.53,0.0465463286704629,0.00105594781556006,0.0419022764860229,0.011483934983701,0.0254531750897719,0.00662615365847316,0.0057,0.00109615384615385
"297",0.0057,0.94,0.655,0.53,1,1e-05,0.071291301022859,0.00170756657699698,0.655,0.53,0.0466958021699726,0.000905010285808402,0.0419008124557811,0.0115243332268117,0.0253980551440749,0.00664743212240171,0.0057,0.00109615384615385
"298",0.0057,0.95,0.655,0.53,1,1e-05,0.0715194605478131,0.00142283405824329,0.655,0.53,0.0468452466588176,0.000754102050868942,0.0418993487096865,0.0115647236292023,0.0253429458963699,0.00666870645648528,0.0057,0.00109615384615385
"299",0.0057,0.96,0.655,0.53,1,1e-05,0.0717475757945687,0.00113815679663011,0.655,0.53,0.0469946621454425,0.000603223102213956,0.0418978852476566,0.011605106193155,0.0252878473435423,0.006689976661926,0.0057,0.00109615384615385
"300",0.0057,0.97,0.655,0.53,1,1e-05,0.0719756467760146,0.000853534776073634,0.655,0.53,0.0471440486382896,0.000452373431319026,0.0418964220696086,0.0116454809209514,0.0252327594824797,0.00671124273992569,0.0057,0.00109615384615385
"301",0.0057,0.98,0.655,0.53,1,1e-05,0.072203673505033,0.000568967980496304,0.655,0.53,0.0472934061457966,0.000301553029663041,0.0418949591754597,0.0116858478148723,0.0251776823100697,0.00673250469168551,0.0057,0.00109615384615385
"302",0.0057,0.99,0.655,0.53,1,1e-05,0.072431655994503,0.000284456393826791,0.655,0.53,0.0474427346763994,0.000150761888728199,0.0418934965651276,0.0117262068771973,0.0251226158232021,0.00675376251840636,0.0057,0.00109615384615385
"303",0.0057,1,0.655,0.53,1,1e-05,0.0726595942572969,0,0.655,0.53,0.0475920342385295,0,0.0418920342385295,0.0117665581102055,0.0250675600187674,0.00677501622128849,0.0057,0.00109615384615385
"304",0.006,0,0.858,0.665,0.6119194,1,0.062341134610557,0.0233044377337571,0.858,0.665,0.0534886934958579,0.0154974510929485,0.0629861445888063,0.013302557493683,0.0166594277555077,0.00239255165262138,0.006,0.00115384615384615
"305",0.006,0.01,0.858,0.665,0.6119194,1,0.0625236399617636,0.0233118338980448,0.858,0.665,0.0536452830871931,0.0155023695421998,0.063147652629393,0.0133448790048547,0.0166878212304154,0.00239955591204606,0.006,0.00115384615384615
"306",0.006,0.02,0.858,0.665,0.6119194,1,0.062709989365021,0.0233193858453838,0.858,0.665,0.053805170875188,0.0155073915871803,0.0633125624623683,0.013388091920529,0.0167168127480366,0.00240670769995486,0.006,0.00115384615384615
"307",0.006,0.03,0.858,0.665,0.6119194,1,0.0629003055620288,0.0233270985499723,0.858,0.665,0.0539684621722207,0.0155125205357316,0.0634809827079523,0.0134322247035108,0.0167464214040488,0.00241401172697516,0.006,0.00115384615384615
"308",0.006,0.04,0.858,0.665,0.6119194,1,0.0630947165762737,0.0233349772000567,0.858,0.665,0.0541352668224429,0.0155177598380377,0.0636530266604805,0.0134773070414086,0.0167766671158499,0.00242147290644078,0.006,0.00115384615384615
"309",0.006,0.05,0.858,0.665,0.6119194,1,0.0632933560002246,0.0233430272095706,0.858,0.665,0.0543056994481927,0.0155231130943645,0.0638288125425573,0.013523369913233,0.0168075706672381,0.00242909636541403,0.006,0.00115384615384615
"310",0.006,0.06,0.858,0.665,0.6119194,1,0.0634963633014742,0.0233512542305413,0.858,0.665,0.0544798797126649,0.01552858406331,0.0640084637759748,0.0135704456603876,0.0168391537560407,0.00243688745643496,0.006,0.00115384615384615
"311",0.006,0.07,0.858,0.665,0.6119194,1,0.0637038841492972,0.0233596641663238,0.858,0.665,0.054657932600097,0.0155341766706054,0.0641921092707023,0.0136185680623963,0.0168714390449187,0.00244485177005411,0.006,0.00115384615384615
"312",0.006,0.08,0.858,0.665,0.6119194,1,0.0639160707632386,0.0233682631857278,0.858,0.665,0.0548399887148587,0.015539895018509,0.0643798837333676,0.0136677724177373,0.0169044502155987,0.00245299514821078,0.006,0.00115384615384615
"313",0.006,0.09,0.858,0.665,0.6119194,1,0.064133082285479,0.0233770577381078,0.858,0.665,0.055026184600941,0.0155457433958417,0.0645719279967827,0.013718095630192,0.0169382120268041,0.00246132369852379,0.006,0.00115384615384615
"314",0.006,0.1,0.858,0.665,0.6119194,1,0.0643550851788961,0.0233860545694949,0.858,0.665,0.0552166630834928,0.0155517262887141,0.0647683893722068,0.0137695763011519,0.016972750376184,0.00246984380956844,0.006,0.00115384615384615
"315",0.006,0.11,0.858,0.665,0.6119194,1,0.0645822536529084,0.0233952607398546,0.858,0.665,0.0554115736341954,0.0155578483920033,0.0649694220261987,0.0138222548283688,0.0170080923665643,0.00247856216721973,0.006,0.00115384615384615
"316",0.006,0.12,0.858,0.665,0.6119194,1,0.0648147701193999,0.0234046836415635,0.858,0.665,0.0556110727624451,0.0155641146216397,0.0651751873840848,0.0138761735116795,0.0170442663768786,0.00248748577214994,0.006,0.00115384615384615
"317",0.006,0.13,0.858,0.665,0.6119194,1,0.0650528256812242,0.0234143310192059,0.858,0.665,0.0558153244344903,0.0155705301277719,0.0653858545622623,0.0139313766662864,0.0170813021381678,0.00249662195857671,0.006,0.00115384615384615
"318",0.006,0.14,0.858,0.665,0.6119194,1,0.0652966206560436,0.0234242109908032,0.858,0.665,0.0560245005228854,0.0155771003088841,0.0656016008317696,0.013987910744231,0.0171192308150772,0.00250597841436708,0.006,0.00115384615384615
"319",0.006,0.15,0.858,0.665,0.6119194,1,0.0655463651385181,0.0234343320705968,0.858,0.665,0.0562387812888485,0.0155838308269468,0.0658226121157953,0.0140458244647615,0.0171580850933195,0.0025155632026134,0.006,0.00115384615384615
"320",0.006,0.16,0.858,0.665,0.6119194,1,0.0658022796041613,0.0234447031935199,0.858,0.665,0.0564583559003704,0.0155907276236907,0.0660490835240611,0.014105168954362,0.0171978992736201,0.00252538478480835,0.006,0.00115384615384615
"321",0.006,0.17,0.858,0.665,0.6119194,1,0.0660645955585125,0.0234553337415056,0.858,0.665,0.0566834229892038,0.0155977969381012,0.0662812199273051,0.01416599789729,0.0172387093727132,0.00253545204575913,0.006,0.00115384615384615
"322",0.006,0.18,0.858,0.665,0.6119194,1,0.0663335562356405,0.0234662335717945,0.858,0.665,0.0569141912501795,0.0156050453252433,0.0665192365754229,0.0142283676975537,0.0172805532320121,0.00254577432039485,0.006,0.00115384615384615
"323",0.006,0.19,0.858,0.665,0.6119194,1,0.0666094173504077,0.0234774130474203,0.858,0.665,0.0571508800866498,0.0156124796765345,0.0667633597631844,0.0142923376533565,0.0173234706346437,0.00255636142263727,0.006,0.00115384615384615
"324",0.006,0.2,0.858,0.665,0.6119194,1,0.066892447909391,0.0234888830700735,0.858,0.665,0.0573937203062575,0.0156201072415989,0.0670138275478565,0.0143579701451424,0.0173675034316082,0.00256722367652257,0.006,0.00115384615384615
"325",0.006,0.21,0.858,0.665,0.6119194,1,0.0671829310858569,0.0235006551155601,0.858,0.665,0.0576429548716653,0.0156279356518475,0.0672708905235129,0.0144253308384958,0.0174126956779043,0.00257837194978154,0.006,0.00115384615384615
"326",0.006,0.22,0.858,0.665,0.6119194,1,0.0674811651647798,0.0235127412720991,0.858,0.665,0.0578988397113811,0.0156359729459459,0.067534812657327,0.0144944889032839,0.017459093779552,0.00258981769010777,0.006,0.00115384615384615
"327",0.006,0.23,0.858,0.665,0.6119194,1,0.0677874645645275,0.0235251542817275,0.858,0.665,0.0581616445963646,0.0156442275973488,0.0678058721937134,0.0145655172505767,0.0175067466525416,0.00260157296436835,0.006,0.00115384615384615
"328",0.006,0.24,0.858,0.665,0.6119194,1,0.0681021609425766,0.0235379075851095,0.858,0.665,0.0584316540887307,0.0156527085440978,0.0680843626328287,0.0146384927890541,0.0175557058948576,0.00261365050103943,0.006,0.00115384615384615
"329",0.006,0.25,0.858,0.665,0.6119194,1,0.0684256043934263,0.0235510153700837,0.858,0.665,0.0587091685695598,0.0156614252211057,0.0683705937906654,0.0147134967027916,0.0176060259728446,0.00262606373618014,0.006,0.00115384615384615
"330",0.006,0.26,0.858,0.665,0.6119194,1,0.0687581647478086,0.0235644926243139,0.858,0.665,0.0589945053536198,0.0156703875951687,0.0686648929487886,0.0147906147525376,0.017657764423334,0.00263882686329428,0.006,0.00115384615384615
"331",0.006,0.27,0.858,0.665,0.6119194,1,0.0691002329833348,0.0235783551924568,0.858,0.665,0.0592879998997012,0.0156796062029838,0.0689676061026849,0.0148699376028298,0.0177109820731066,0.00265195488746852,0.006,0.00115384615384615
"332",0.006,0.28,0.858,0.665,0.6119194,1,0.069452222757883,0.0235926198383038,0.858,0.665,0.0595900071262636,0.015689092192472,0.0692790993187356,0.0149515611775764,0.0177657432774511,0.00266546368422145,0.006,0.00115384615384615
"333",0.006,0.29,0.858,0.665,0.6119194,1,0.0698145720783796,0.0236073043124093,0.858,0.665,0.0599009028432497,0.0156988573677522,0.0695997602110018,0.0150355870470321,0.017822116179787,0.00267937006354862,0.006,0.00115384615384615
"334",0.006,0.3,0.858,0.665,0.6119194,1,0.0701877451191202,0.02362242742578,0.858,0.665,0.0602210853122052,0.0157089142381437,0.0699299995503488,0.0151221228494525,0.0178801729945514,0.00269369183970678,0.006,0.00115384615384615
"335",0.006,0.31,0.858,0.665,0.6119194,1,0.0705722342055106,0.0236380091302668,0.858,0.665,0.060550976948328,0.0157192760716274,0.0702702530199555,0.0152112827511074,0.0179399903158219,0.00270844790734662,0.006,0.00115384615384615
"336",0.006,0.32,0.858,0.665,0.6119194,1,0.0709685619810465,0.0236540706063838,0.858,0.665,0.0608910261797379,0.0157299569532452,0.0706209831329832,0.0153031879487857,0.0180016494544472,0.002723658324678,0.006,0.00115384615384615
"337",0.006,0.33,0.858,0.665,0.6119194,1,0.0713772837775936,0.0236706343593654,0.858,0.665,0.0612417094811753,0.015740971848978,0.0709826813301534,0.0153979672194445,0.0180652368068057,0.00273934440443738,0.006,0.00115384615384615
"338",0.006,0.34,0.858,0.665,0.6119194,1,0.0717989902115706,0.0236877243243787,0.858,0.665,0.0616035336015276,0.0157523366757119,0.0713558702772395,0.0154957575222424,0.0181308442587099,0.00275552881352514,0.006,0.00115384615384615
"339",0.006,0.35,0.858,0.665,0.6119194,1,0.0722343100315593,0.0237053659819248,0.858,0.665,0.0619770380070778,0.01576406837798,0.0717411063850579,0.0155967046588776,0.0181985696284262,0.00277223568229227,0.006,0.00115384615384615
"340",0.006,0.36,0.858,0.665,0.6119194,1,0.0726839132462162,0.0237235864845999,0.858,0.665,0.0623627975652535,0.0157761850122589,0.0721389825775124,0.0157009639989251,0.0182685171533037,0.00278949072458451,0.006,0.00115384615384615
"341",0.006,0.37,0.858,0.665,0.6119194,1,0.0731485145652118,0.0237424147965416,0.858,0.665,0.0627614254969517,0.0157887058397002,0.0725501313366518,0.0158087012777624,0.0183407980251015,0.00280732136980002,0.006,0.00115384615384615
"342",0.006,0.38,0.858,0.665,0.6119194,1,0.0736288771903638,0.023761881847068,0.858,0.665,0.0631735766293322,0.0158016514283003,0.0729752280576324,0.0159200934757031,0.0184155309797995,0.00282575690838694,0.006,0.00115384615384615
"343",0.006,0.39,0.858,0.665,0.6119194,1,0.0741258169992659,0.0237820207002218,0.858,0.665,0.0635999509853702,0.0158150437656475,0.0734149947510177,0.0160353297881458,0.0184928429484701,0.00284482865240426,0.006,0.00115384615384615
"344",0.006,0.4,0.858,0.665,0.6119194,1,0.0746402071696454,0.0238028667421758,0.858,0.665,0.0640412977515558,0.0158289063835469,0.0738702041351027,0.0161546126979257,0.0185728697767186,0.0028645701129972,0.006,0.00115384615384615
"345",0.006,0.41,0.858,0.665,0.6119194,1,0.0751729832995922,0.0238244578887345,0.858,0.665,0.0644984196710501,0.0158432644960084,0.0743416841670586,0.0162781591626539,0.0186557570212681,0.00288501719690327,0.006,0.00115384615384615
"346",0.006,0.42,0.858,0.665,0.6119194,1,0.0757251490868173,0.0238468348154895,0.858,0.665,0.0649721779164893,0.0158581451523005,0.0748303230687898,0.0164062019316915,0.018741660833517,0.00290620842441299,0.006,0.00115384615384615
"347",0.006,0.43,0.858,0.665,0.6119194,1,0.0762977826394706,0.0238700412135707,0.858,0.665,0.0654634975046658,0.0158735774070245,0.0753370749116904,0.016538991009577,0.018830748941351,0.00292818517156887,0.006,0.00115384615384615
"348",0.006,0.44,0.858,0.665,0.6119194,1,0.0768920435020028,0.0238941240743743,0.858,0.665,0.0659733733247184,0.0158895925094589,0.0758629658341774,0.0166767952852669,0.0189232017421998,0.00295099193980659,0.006,0.00115384615384615
"349",0.006,0.45,0.858,0.665,0.6119194,1,0.07750918049241,0.0239191340071729,0.858,0.665,0.0665028768624878,0.01590622411477,0.0764091009772578,0.0168199043495289,0.0190192135223251,0.00297467665673574,0.006,0.00115384615384615
"350",0.006,0.46,0.858,0.665,0.6119194,1,0.0781505404623286,0.0239451255941247,0.858,0.665,0.0670531637166779,0.0159235085200929,0.0769766722367706,0.016968630526337,0.0191189938196824,0.00299929101233802,0.006,0.00115384615384615
"351",0.006,0.47,0.858,0.665,0.6119194,1,0.0788175781092931,0.0239721577879228,0.858,0.665,0.0676254820177735,0.0159414849289687,0.0775669669467421,0.0171233111482548,0.0192227689504737,0.00302489083554584,0.006,0.00115384615384615
"352",0.006,0.48,0.858,0.665,0.6119194,1,0.0795118669916118,0.0240002943581811,0.858,0.665,0.0682211818788029,0.0159601957481904,0.0781813776269932,0.0172843111106951,0.0193307837227995,0.00305153651697537,0.006,0.00115384615384615
"353",0.006,0.49,0.858,0.665,0.6119194,1,0.0802351119213974,0.0240296043936707,0.858,0.665,0.068841726028559,0.015979686921791,0.0788214129503501,0.0174520257457644,0.0194433033647181,0.00307929348455093,0.006,0.00115384615384615
"354",0.006,0.5,0.858,0.665,0.6119194,1,0.0809891629412197,0.0240601628687347,0.858,0.665,0.0694887018035665,0.0160000083077086,0.079488710111275,0.017626884063334,0.0195606156986793,0.00310823273990627,0.006,0.00115384615384615
"355",0.006,0.51,0.858,0.665,0.6119194,1,0.081776031125593,0.0240920512836546,0.858,0.665,0.0701638347057588,0.0160212141036303,0.080185048809389,0.0178093524152778,0.0196830335998585,0.00313843146482005,0.006,0.00115384615384615
"356",0.006,0.52,0.858,0.665,0.6119194,1,0.0825979064914573,0.0241253583904859,0.858,0.665,0.0708690037696704,0.0160433633296731,0.0809123670993435,0.0179999386487675,0.0198108977825997,0.00316997370859106,0.006,0.00115384615384615
"357",0.006,0.53,0.858,0.665,0.6119194,1,0.0834571783535135,0.0241601810179734,0.858,0.665,0.0716062590273146,0.0160665203769523,0.0816727794042669,0.0181991968265092,0.01994457996722,0.00320295116924295,0.006,0.00115384615384615
"358",0.006,0.54,0.858,0.665,0.6119194,1,0.0843564585228367,0.0241966250116918,0.858,0.665,0.0723778414125939,0.0160907556327751,0.0824685970453689,0.0184077326063143,0.0200844864891596,0.00323746408384941,0.006,0.00115384615384615
"359",0.006,0.55,0.858,0.665,0.6119194,1,0.0852986078231556,0.0242348063086379,0.858,0.665,0.0731862055122675,0.0161161461952442,0.0833023517075117,0.0186262093900099,0.0202310624242818,0.00327362224618597,0.006,0.00115384615384615
"360",0.006,0.56,0.858,0.665,0.6119194,1,0.0862867664918613,0.0242748521692536,0.858,0.665,0.074034045650017,0.0161427766925536,0.0841768223425707,0.0188553553731855,0.0203847963185443,0.00331154617347143,0.006,0.00115384615384615
"361",0.006,0.57,0.858,0.665,0.6119194,1,0.0873243891463378,0.0243169025944624,0.858,0.665,0.0749243258875578,0.0161707402253175,0.0850950661128752,0.0190959716536019,0.0205462256279249,0.00335136844831891,0.006,0.00115384615384615
"362",0.006,0.58,0.858,0.665,0.6119194,1,0.0884152851359879,0.0243611119609652,0.858,0.665,0.0758603146466776,0.0162001394540419,0.0860604541007194,0.0193489415884991,0.0207159429962336,0.00339323526738116,0.006,0.00115384615384615
"363",0.006,0.59,0.858,0.665,0.6119194,1,0.089563665273242,0.0244076509150489,0.858,0.665,0.0768456248044417,0.0162310878585075,0.0870767126629493,0.0196152416311381,0.0208946035253417,0.00343730823481091,0.006,0.00115384615384615
"364",0.006,0.6,0.858,0.665,0.6119194,1,0.0907741961518636,0.0244567085738758,0.858,0.665,0.0778842602982989,0.0162637112016274,0.0881479714999264,0.0198959539267752,0.021082933225813,0.00348376644690936,0.006,0.00115384615384615
"365",0.006,0.61,0.858,0.665,0.6119194,1,0.0920520635297151,0.0245084950941173,0.858,0.665,0.0789806705084955,0.016298149237588,0.0892788197460836,0.0201922810106121,0.0212817388777488,0.00353280892465393,0.006,0.00115384615384615
"366",0.006,0.62,0.858,0.665,0.6119194,1,0.093403046591236,0.0245632446814955,0.858,0.665,0.0801398139752805,0.0163345577131945,0.090474371688475,0.0205055630286621,0.0214919195842565,0.00358465746377176,0.006,0.00115384615384615
"367",0.006,0.63,0.858,0.665,0.6119194,1,0.0948336053325554,0.0246212191321295,0.858,0.665,0.0813672333753326,0.0163731107228661,0.0917403440981987,0.0208372980016491,0.0217144803664862,0.00363955998843861,0.006,0.00115384615384615
"368",0.006,0.64,0.858,0.665,0.6119194,1,0.0963509838566616,0.0246827120186486,0.858,0.665,0.0826691441490157,0.0164140034924013,0.093083147641417,0.0211891657783203,0.0219505482338932,0.00369779451557999,0.006,0.00115384615384615
"369",0.006,0.65,0.858,0.665,0.6119194,1,0.0979633330638892,0.024748053662315,0.858,0.665,0.084052539768817,0.0164574556854395,0.0945099954542563,0.0215630564863746,0.0222013912719478,0.00375967386353305,0.006,0.00115384615384615
"370",0.006,0.66,0.858,0.665,0.6119194,1,0.0996798571237238,0.0248176170689019,0.858,0.665,0.085525317412155,0.0165037153508198,0.0960290327629748,0.0219611044980876,0.0224684414296509,0.00382555127339697,0.006,0.00115384615384615
"371",0.006,0.67,0.858,0.665,0.6119194,1,0.101510989285299,0.0248918250535441,0.858,0.665,0.0870964288067867,0.0165530636606068,0.0976494924673936,0.0223857291993395,0.0227533218714498,0.00389582715635473,0.006,0.00115384615384615
"372",0.006,0.68,0.858,0.665,0.6119194,1,0.10346860411942,0.0249711588420024,0.858,0.665,0.0887760623344624,0.0166058206299316,0.0993818829643941,0.0228396842068194,0.0230578799970285,0.00397095723917774,0.006,0.00115384615384615
"373",0.006,0.69,0.858,0.665,0.6119194,1,0.105566275314766,0.025056168518046,0.858,0.665,0.0905758642200688,0.0166623520645006,0.101238216284569,0.0233261171488751,0.0233842275482421,0.00405146245802614,0.006,0.00115384615384615
"374",0.006,0.7,0.858,0.665,0.6119194,1,0.107819590858475,0.0251474857963781,0.858,0.665,0.0925092089565712,0.0167230780545915,0.103232287011163,0.0238486427533353,0.0237347896436901,0.00413794105456849,0.006,0.00115384615384615
"375",0.006,0.71,0.858,0.665,0.6119194,1,0.110246541077738,0.0252458397483089,0.858,0.665,0.0945915322446993,0.0167884834326254,0.105380015677325,0.0244114328312077,0.0241123651487223,0.00423108346838887,0.006,0.00115384615384615
"376",0.006,0.72,0.858,0.665,0.6119194,1,0.112867999980533,0.025352076308444,0.858,0.665,0.0968407439832971,0.0168591307451153,0.107699874728412,0.0250193278956936,0.0245202015605644,0.00433169081006369,0.006,0.00115384615384615
"377",0.006,0.73,0.858,0.665,0.6119194,1,0.115708327159242,0.0254671826672745,0.858,0.665,0.0992777447026298,0.0169356764737375,0.110213421176367,0.0256779767387565,0.0249620886501494,0.00444069796124659,0.006,0.00115384615384615
"378",0.006,0.74,0.858,0.665,0.6119194,1,0.118796127022672,0.025592318039615,0.858,0.665,0.101927076985452,0.017018891496344,0.112945968481796,0.0263940124908707,0.0254424765804904,0.00455920271276199,0.006,0.00115384615384615
"379",0.006,0.75,0.858,0.665,0.6119194,1,0.122165215518845,0.0257288528417601,0.858,0.665,0.104817754915169,0.0171096871397704,0.11592744205494,0.0271752767961996,0.0259666263056656,0.00468850286585838,0.006,0.00115384615384615
"380",0.006,0.76,0.858,0.665,0.6119194,1,0.125855863661787,0.0258784190863262,0.858,0.665,0.107984331021813,0.0172091486924069,0.11919347971422,0.0280311081763736,0.026540803033893,0.00483014395674966,0.006,0.00115384615384615
"381",0.006,0.77,0.858,0.665,0.6119194,1,0.129916414963752,0.0260429759298888,0.858,0.665,0.111468284038899,0.0173185789933761,0.122786863032276,0.0289727170999105,0.0271725278613656,0.0049859813310413,0.006,0.00115384615384615
"382",0.006,0.78,0.858,0.665,0.6119194,1,0.134405414856975,0.0262248959693732,0.858,0.665,0.115319845947285,0.0174395558196332,0.126759401766918,0.0300136797778524,0.0278709090594305,0.00515826186748391,0.006,0.00115384615384615
"383",0.006,0.79,0.858,0.665,0.6119194,1,0.139394451714615,0.0264270803765284,0.858,0.665,0.11960043957114,0.0175740084503914,0.131174448021531,0.0311705969734889,0.0286470840696123,0.00534973301175009,0.006,0.00115384615384615
"384",0.006,0.8,0.858,0.665,0.6119194,1,0.144972003265709,0.026653114776737,0.858,0.665,0.124385978801978,0.0177243213265301,0.136110300128508,0.0324639859547966,0.0295148179139376,0.00556379039560288,0.006,0.00115384615384615
"385",0.006,0.81,0.858,0.665,0.6119194,1,0.151248729513652,0.0269074837484499,0.858,0.665,0.129771409922714,0.0178934766927192,0.141664886615433,0.0339195078793196,0.0304913266466693,0.00580468097052395,0.006,0.00115384615384615
"386",0.006,0.82,0.858,0.665,0.6119194,1,0.158364889239232,0.0271958713824548,0.858,0.665,0.135877074967261,0.0180852544693325,0.147962329436594,0.0355696876210893,0.0315984311850934,0.00607778764107324,0.006,0.00115384615384615
"387",0.006,0.83,0.858,0.665,0.6119194,1,0.166500945329427,0.0275255910706664,0.858,0.665,0.142857811092648,0.0183045180619932,0.155162329154641,0.037456373060383,0.0328642072454519,0.00639003628021043,0.006,0.00115384615384615
"388",0.006,0.84,0.858,0.665,0.6119194,1,0.175893081999895,0.0279062143530403,0.858,0.665,0.15091626435591,0.0185576325447718,0.163473896900681,0.0396343334018051,0.0343253994522536,0.0067504912551311,0.006,0.00115384615384615
"389",0.006,0.85,0.858,0.665,0.6119194,1,0.186856510046569,0.0283505153801235,0.858,0.665,0.160322885619956,0.0188530927277821,0.173175978347739,0.0421766634731691,0.0360310470789542,0.00717124984503049,0.006,0.00115384615384615
"390",0.006,0.86,0.858,0.665,0.6119194,1,0.199821536651669,0.0288759326686105,0.858,0.665,0.171446878447132,0.019202495224626,0.184649373671758,0.0451831480210543,0.0380480956485215,0.00766882654176675,0.006,0.00115384615384615
"391",0.006,0.87,0.858,0.665,0.6119194,1,0.215391375617886,0.0295069119038241,0.858,0.665,0.184805800280146,0.0196220964160431,0.198427896696189,0.0487936674353825,0.0404703908255209,0.00826637171290264,0.006,0.00115384615384615
"392",0.006,0.88,0.858,0.665,0.6119194,1,0.234438692845718,0.0302788185165621,0.858,0.665,0.201148398461626,0.0201354143135138,0.21528381277514,0.0532105858628095,0.0434336985871402,0.00899737686056539,0.006,0.00115384615384615
"393",0.006,0.89,0.858,0.665,0.6119194,1,0.258274973524764,0.0312448014137414,0.858,0.665,0.221599927284248,0.0207777929401381,0.236377720224386,0.0587380260851397,0.0471420547141199,0.00991217465959905,0.006,0.00115384615384615
"394",0.006,0.9,0.858,0.665,0.6119194,1,0.288966007376001,0.0324885782510862,0.858,0.665,0.247932834328609,0.0216049045369723,0.263537738865581,0.0658550279890211,0.051916846761506,0.0110900467695654,0.006,0.00115384615384615
"395",0.006,0.91,0.858,0.665,0.6119194,1,0.329965260653984,0.0341501033017821,0.858,0.665,0.283110193641119,0.0227098186956851,0.299820012336804,0.0753624223978075,0.0582953516189628,0.0126635316250989,0.006,0.00115384615384615
"396",0.006,0.92,0.858,0.665,0.6119194,1,0.387514247832598,0.0364823185543656,0.858,0.665,0.332487224640369,0.0242607418386531,0.350747966479022,0.0887075659111184,0.0672485999079414,0.0148721684303321,0.006,0.00115384615384615
"397",0.006,0.93,0.858,0.665,0.6119194,1,0.474167537060461,0.0399940071649143,0.858,0.665,0.406835746797876,0.026596014764668,0.427431761562544,0.108801761088823,0.0807297826628317,0.0181977811520501,0.006,0.00115384615384615
"398",0.006,0.94,0.858,0.665,0.6119194,1,0.619475921147316,0.0458827368595623,0.858,0.665,0.531510340344397,0.0305120200116089,0.556022360356006,0.142497597182477,0.103336297650872,0.0237744812980862,0.006,0.00115384615384615
"399",0.006,0.95,0.858,0.665,0.6119194,1,0.913462312444264,0.0577967527171604,0.858,0.665,0.783750664077179,0.0384348405569117,0.816185504634091,0.210670657650797,0.149073560527334,0.0350572022613745,0.006,0.00115384615384615
"400",0.006,0.96,0.858,0.665,0.6119194,1,1.82333840868404,0.09467015420771,0.858,0.665,1.56442435465091,0.0629556525481272,1.62138000719904,0.421663546995048,0.290628555692717,0.0699767713603065,0.006,0.00115384615384615
"401",0.006,0.97,0.858,0.665,0.6119194,1,-37.4132825511249,-1.49542291864325,0.858,0.665,-32.1005964288652,-0.994456240897765,-33.1010526697629,-8.67699071882011,-5.81365280000523,-1.43586111412425,0.006,0.00115384615384615
"402",0.006,0.98,0.858,0.665,0.6119194,1,-1.5794401715154,-0.0432299635002632,0.858,0.665,-1.35515966716022,-0.028747925727675,-1.38990759288789,-0.367413215656608,-0.238762542127776,-0.0606163525284291,0.006,0.00115384615384615
"403",0.006,0.99,0.858,0.665,0.6119194,1,-0.785303862964896,-0.0110470024746676,0.858,0.665,-0.673790714423881,-0.00734625664565393,-0.687136971069535,-0.183259444646787,-0.115213894370029,-0.030138688794869,0.006,0.00115384615384615
"404",0.006,1,0.858,0.665,0.6119194,1,NA,0,0.858,0.665,NA,0,NA,NA,NA,NA,0.006,0.00115384615384615
